"","scientific_name","datetime","description","place_guess","latitude","longitude","tag_list","common_name","url","image_url","user_login","id","species_guess","iconic_taxon_name","taxon_id","id_please","num_identification_agreements","num_identification_disagreements","observed_on_string","observed_on","time_observed_at","time_zone","positional_accuracy","private_place_guess","geoprivacy","taxon_geoprivacy","coordinates_obscured","positioning_method","positioning_device","out_of_range","user_id","created_at","updated_at","quality_grade","license","sound_url","oauth_application_id","captive_cultivated"
"1","Desmia funeralis","2019-03-24 12:43:00 -0400","","PRCR",29.6081431571,-82.2449919198,NA,"Grape Leaffolder Moth","https://www.inaturalist.org/observations/27652038","https://static.inaturalist.org/photos/43044095/medium.jpeg?1561492782","urban-rural-moths",27652038,"Grape Leaffolder Moth","Insecta",118788,"false",0,0,"2019/03/24 12:43 PM EDT","2019-03-24","2019-03-24 16:43:00 UTC","Eastern Time (US & Canada)",100,NA,NA,NA,"false","","",NA,1580944,"2019-06-25 20:03:49 UTC","2019-06-25 20:03:49 UTC","needs_id","CC0",NA,NA,"false"
"2","Virbia","2019-03-24 13:19:00 -0400","","PRCR",29.6081431571,-82.2449919198,NA,"","https://www.inaturalist.org/observations/27652032","https://static.inaturalist.org/photos/43039966/medium.jpeg?1561490480","urban-rural-moths",27652032,"Virbia","Insecta",82010,"false",0,0,"2019/03/24 1:19 PM EDT","2019-03-24","2019-03-24 17:19:00 UTC","Eastern Time (US & Canada)",100,NA,NA,NA,"false","","",NA,1580944,"2019-06-25 20:03:46 UTC","2019-06-25 20:03:47 UTC","needs_id","CC0",NA,NA,"false"
"3","Lepidoptera","2019-03-24 13:42:00 -0400","","PRCR",29.6081431571,-82.2449919198,NA,"Butterflies and Moths","https://www.inaturalist.org/observations/27652028","https://static.inaturalist.org/photos/43039491/medium.jpeg?1561490231","urban-rural-moths",27652028,"Butterflies and Moths","Insecta",47157,"false",0,0,"2019/03/24 1:42 PM EDT","2019-03-24","2019-03-24 17:42:00 UTC","Eastern Time (US & Canada)",100,NA,NA,NA,"false","","",NA,1580944,"2019-06-25 20:03:45 UTC","2019-06-25 20:03:46 UTC","needs_id","CC0",NA,NA,"false"
"4","Apantesis","2019-03-24 13:39:00 -0400","","PRCR",29.6081431571,-82.2449919198,NA,"","https://www.inaturalist.org/observations/27652027","https://static.inaturalist.org/photos/43039622/medium.jpeg?1561490300","urban-rural-moths",27652027,"Apantesis","Insecta",119861,"false",0,0,"2019/03/24 1:39 PM EDT","2019-03-24","2019-03-24 17:39:00 UTC","Eastern Time (US & Canada)",100,NA,NA,NA,"false","","",NA,1580944,"2019-06-25 20:03:45 UTC","2019-06-25 20:03:45 UTC","needs_id","CC0",NA,NA,"false"
"5","Lepidoptera","2019-03-24 14:17:00 -0400","","PRCR",29.6081431571,-82.2449919198,NA,"Butterflies and Moths","https://www.inaturalist.org/observations/27644529","https://static.inaturalist.org/photos/43032374/medium.jpeg?1561486032","urban-rural-moths",27644529,"Butterflies and Moths","Insecta",47157,"false",0,0,"2019/03/24 2:17 PM EDT","2019-03-24","2019-03-24 18:17:00 UTC","Eastern Time (US & Canada)",100,NA,NA,NA,"false","","",NA,1580944,"2019-06-25 18:08:56 UTC","2019-06-25 18:08:56 UTC","needs_id","CC0",NA,NA,"false"
"6","Hypsoropha hormos","2019-03-24 14:21:00 -0400","","PRCR",29.6081431571,-82.2449919198,NA,"Small Necklace Moth","https://www.inaturalist.org/observations/27644114","https://static.inaturalist.org/photos/43031103/medium.jpeg?1561485298","urban-rural-moths",27644114,"Small Necklace Moth","Insecta",222116,"false",0,0,"2019/03/24 2:21 PM EDT","2019-03-24","2019-03-24 18:21:00 UTC","Eastern Time (US & Canada)",100,NA,NA,NA,"false","","",NA,1580944,"2019-06-25 18:01:51 UTC","2019-06-25 18:01:51 UTC","needs_id","CC0",NA,NA,"false"
"7","Apantesis","2019-03-24 14:25:00 -0400","","PRCR",29.6081431571,-82.2449919198,NA,"","https://www.inaturalist.org/observations/27644111","https://static.inaturalist.org/photos/43031014/medium.jpeg?1561485253","urban-rural-moths",27644111,"Apantesis","Insecta",119861,"false",0,0,"2019/03/24 2:25 PM EDT","2019-03-24","2019-03-24 18:25:00 UTC","Eastern Time (US & Canada)",100,NA,NA,NA,"false","","",NA,1580944,"2019-06-25 18:01:49 UTC","2019-06-25 18:01:49 UTC","needs_id","CC0",NA,NA,"false"
"8","Hypoprepia fucosa","2019-03-24 14:30:00 -0400","","PRCR",29.6081431571,-82.2449919198,NA,"Painted Lichen Moth","https://www.inaturalist.org/observations/27542566","https://static.inaturalist.org/photos/42864330/medium.jpeg?1561337652","urban-rural-moths",27542566,"Painted Lichen Moth","Insecta",119953,"false",0,0,"2019/03/24 2:30 PM EDT","2019-03-24","2019-03-24 18:30:00 UTC","Eastern Time (US & Canada)",100,NA,NA,NA,"false","","",NA,1580944,"2019-06-24 00:57:05 UTC","2019-06-24 00:57:05 UTC","needs_id","CC0",NA,NA,"false"
"9","Geometridae","2019-03-10 15:47:00 -0400","","PRCR",29.6081431571,-82.2449919198,NA,"Geometer Moths","https://www.inaturalist.org/observations/27542563","https://static.inaturalist.org/photos/42863470/medium.jpeg?1561337142","urban-rural-moths",27542563,"Geometer Moths","Insecta",49530,"false",0,0,"2019/03/10 3:47 PM EDT","2019-03-10","2019-03-10 19:47:00 UTC","Eastern Time (US & Canada)",100,NA,NA,NA,"false","","",NA,1580944,"2019-06-24 00:56:59 UTC","2019-06-24 00:56:59 UTC","needs_id","CC0",NA,NA,"false"
"10","Xanthotype","2019-03-10 15:53:00 -0400","","PRCR",29.6081431571,-82.2449919198,NA,"Crocus Geometer Moths","https://www.inaturalist.org/observations/27542562","https://static.inaturalist.org/photos/42863302/medium.jpeg?1561337036","urban-rural-moths",27542562,"Crocus Geometer Moths","Insecta",119063,"false",0,0,"2019/03/10 3:53 PM EDT","2019-03-10","2019-03-10 19:53:00 UTC","Eastern Time (US & Canada)",100,NA,NA,NA,"false","","",NA,1580944,"2019-06-24 00:56:59 UTC","2019-06-24 00:56:59 UTC","needs_id","CC0",NA,NA,"false"
"11","Lepidoptera","2019-03-10 16:00:00 -0400","","PRCR",29.6081431571,-82.2449919198,NA,"Butterflies and Moths","https://www.inaturalist.org/observations/27542561","https://static.inaturalist.org/photos/42862957/medium.jpeg?1561336816","urban-rural-moths",27542561,"Butterflies and Moths","Insecta",47157,"false",0,0,"2019/03/10 4:00 PM EDT","2019-03-10","2019-03-10 20:00:00 UTC","Eastern Time (US & Canada)",100,NA,NA,NA,"false","","",NA,1580944,"2019-06-24 00:56:59 UTC","2019-06-24 00:56:59 UTC","needs_id","CC0",NA,NA,"false"
"12","Halysidota","2019-03-10 16:02:00 -0400","","PRCR",29.6081431571,-82.2449919198,NA,"","https://www.inaturalist.org/observations/27541290","https://static.inaturalist.org/photos/42862259/medium.jpeg?1561336429","urban-rural-moths",27541290,"Halysidota","Insecta",120218,"false",0,0,"2019/03/10 4:02 PM EDT","2019-03-10","2019-03-10 20:02:00 UTC","Eastern Time (US & Canada)",100,NA,NA,NA,"false","","",NA,1580944,"2019-06-24 00:34:06 UTC","2019-06-24 00:34:06 UTC","needs_id","CC0",NA,NA,"false"
"13","Lepidoptera","2019-03-10 16:08:00 -0400","","PRCR",29.6081431571,-82.2449919198,NA,"Butterflies and Moths","https://www.inaturalist.org/observations/27541224","https://static.inaturalist.org/photos/42861891/medium.jpeg?1561336222","urban-rural-moths",27541224,"Butterflies and Moths","Insecta",47157,"false",0,0,"2019/03/10 4:08 PM EDT","2019-03-10","2019-03-10 20:08:00 UTC","Eastern Time (US & Canada)",100,NA,NA,NA,"false","","",NA,1580944,"2019-06-24 00:33:11 UTC","2019-06-24 00:33:11 UTC","needs_id","CC0",NA,NA,"false"
"14","Halysidota","2019-03-10 16:13:00 -0400","","PRCR",29.6081431571,-82.2449919198,NA,"","https://www.inaturalist.org/observations/27540938","https://static.inaturalist.org/photos/42861658/medium.jpeg?1561336083","urban-rural-moths",27540938,"Halysidota","Insecta",120218,"false",0,0,"2019/03/10 4:13 PM EDT","2019-03-10","2019-03-10 20:13:00 UTC","Eastern Time (US & Canada)",100,NA,NA,NA,"false","","",NA,1580944,"2019-06-24 00:29:04 UTC","2019-06-24 00:29:04 UTC","needs_id","CC0",NA,NA,"false"
"15","Lepidoptera","2019-03-10 16:17:00 -0400","","PRCR",29.6081431571,-82.2449919198,NA,"Butterflies and Moths","https://www.inaturalist.org/observations/27540846","https://static.inaturalist.org/photos/42861354/medium.jpeg?1561335908","urban-rural-moths",27540846,"Butterflies and Moths","Insecta",47157,"false",0,0,"2019/03/10 4:17 PM EDT","2019-03-10","2019-03-10 20:17:00 UTC","Eastern Time (US & Canada)",100,NA,NA,NA,"false","","",NA,1580944,"2019-06-24 00:27:19 UTC","2019-06-24 00:27:19 UTC","needs_id","CC0",NA,NA,"false"
"16","Nadata gibbosa","2019-03-10 16:21:00 -0400","","PRCR",29.6081431571,-82.2449919198,NA,"White-dotted Prominent Moth","https://www.inaturalist.org/observations/27540696","https://static.inaturalist.org/photos/42860920/medium.jpeg?1561335666","urban-rural-moths",27540696,"White-dotted Prominent Moth","Insecta",82204,"false",1,0,"2019/03/10 4:21 PM EDT","2019-03-10","2019-03-10 20:21:00 UTC","Eastern Time (US & Canada)",100,NA,NA,NA,"false","","",NA,1580944,"2019-06-24 00:24:48 UTC","2019-06-24 03:26:34 UTC","research","CC0",NA,NA,"false"
"17","Lepidoptera","2019-03-10 16:28:00 -0400","","PRCR",29.6043,-82.2404,NA,"Butterflies and Moths","https://www.inaturalist.org/observations/27540446","https://static.inaturalist.org/photos/42860270/medium.jpeg?1561335347","urban-rural-moths",27540446,"Butterflies and Moths","Insecta",47157,"false",0,0,"2019/03/10 4:28 PM EDT","2019-03-10","2019-03-10 20:28:00 UTC","Eastern Time (US & Canada)",100,NA,NA,NA,"false","","",NA,1580944,"2019-06-24 00:20:15 UTC","2019-06-24 00:20:15 UTC","needs_id","CC0",NA,NA,"false"
"18","Apantesis","2019-03-10 17:10:00 -0400","BIVA 3/10/19","BIVA",29.62098,-82.3335,NA,"","https://www.inaturalist.org/observations/27125687","https://static.inaturalist.org/photos/42171500/medium.jpeg?1560731350","urban-rural-moths",27125687,"Apantesis","Insecta",119861,"false",0,0,"2019/03/10 5:10 PM EDT","2019-03-10","2019-03-10 21:10:00 UTC","Eastern Time (US & Canada)",30,NA,NA,NA,"false","","",NA,1580944,"2019-06-17 00:30:50 UTC","2019-06-17 00:30:50 UTC","needs_id","CC0",NA,NA,"false"
"19","Geometridae","2019-06-13 17:40:00 -0400","BOWA 5/11/19","BOWA",29.6206,-82.3081,NA,"Geometer Moths","https://www.inaturalist.org/observations/27125686","https://static.inaturalist.org/photos/42171362/medium.jpeg?1560731287","urban-rural-moths",27125686,"Geometer Moths","Insecta",49530,"false",0,0,"2019/06/13 5:40 PM EDT","2019-06-13","2019-06-13 21:40:00 UTC","Eastern Time (US & Canada)",30,NA,NA,NA,"false","","",NA,1580944,"2019-06-17 00:30:50 UTC","2019-06-17 00:30:50 UTC","needs_id","CC0",NA,NA,"false"
"20","Geometridae","2019-05-11 17:43:00 -0400","BOWA 5/11/19","BOWA",29.6206,-82.3081,NA,"Geometer Moths","https://www.inaturalist.org/observations/27125681","https://static.inaturalist.org/photos/42171145/medium.jpeg?1560731195","urban-rural-moths",27125681,"Geometer Moths","Insecta",49530,"false",0,0,"2019/05/11 5:43 PM EDT","2019-05-11","2019-05-11 21:43:00 UTC","Eastern Time (US & Canada)",30,NA,NA,NA,"false","","",NA,1580944,"2019-06-17 00:30:45 UTC","2019-06-17 00:30:45 UTC","needs_id","CC0",NA,NA,"false"
"21","Lepidoptera","2019-05-11 17:44:00 -0400","BOWA 5/11/19","BOWA",29.6206,-82.3081,NA,"Butterflies and Moths","https://www.inaturalist.org/observations/27125680","https://static.inaturalist.org/photos/42170833/medium.jpeg?1560731041","urban-rural-moths",27125680,"Butterflies and Moths","Insecta",47157,"false",0,0,"2019/05/11 5:44 PM EDT","2019-05-11","2019-05-11 21:44:00 UTC","Eastern Time (US & Canada)",30,NA,NA,NA,"false","","",NA,1580944,"2019-06-17 00:30:44 UTC","2019-06-17 00:30:45 UTC","needs_id","CC0",NA,NA,"false"
"22","Zale","2019-03-10 17:45:00 -0400","BIVA 3/10/19","BIVA",29.62098,-82.3335,NA,"","https://www.inaturalist.org/observations/27125679","https://static.inaturalist.org/photos/42170454/medium.jpeg?1560730794","urban-rural-moths",27125679,"Zale","Insecta",84603,"false",0,0,"2019/03/10 5:45 PM EDT","2019-03-10","2019-03-10 21:45:00 UTC","Eastern Time (US & Canada)",30,NA,NA,NA,"false","","",NA,1580944,"2019-06-17 00:30:44 UTC","2019-06-17 00:30:44 UTC","needs_id","CC0",NA,NA,"false"
"23","Lepidoptera","2019-05-11 17:47:00 -0400","BOWA ","BOWA",29.6206,-82.3081,NA,"Butterflies and Moths","https://www.inaturalist.org/observations/27124802","https://static.inaturalist.org/photos/42169745/medium.jpeg?1560730369","urban-rural-moths",27124802,"Butterflies and Moths","Insecta",47157,"false",0,0,"2019/05/11 5:47 PM EDT","2019-05-11","2019-05-11 21:47:00 UTC","Eastern Time (US & Canada)",30,NA,NA,NA,"false","","",NA,1580944,"2019-06-17 00:14:25 UTC","2019-06-17 00:14:25 UTC","needs_id","CC0",NA,NA,"false"
"24","Geometridae","2019-05-11 17:49:00 -0400","BOWA 5/11/19","BOWA",29.6206,-82.3081,NA,"Geometer Moths","https://www.inaturalist.org/observations/27124801","https://static.inaturalist.org/photos/42169584/medium.jpeg?1560730286","urban-rural-moths",27124801,"Geometer Moths","Insecta",49530,"false",0,0,"2019/05/11 5:49 PM EDT","2019-05-11","2019-05-11 21:49:00 UTC","Eastern Time (US & Canada)",30,NA,NA,NA,"false","","",NA,1580944,"2019-06-17 00:14:25 UTC","2019-06-17 00:14:25 UTC","needs_id","CC0",NA,NA,"false"
"25","Lepidoptera","2019-05-11 17:51:00 -0400","BOWA 5/11/19","BOWA",29.6206,-82.3081,NA,"Butterflies and Moths","https://www.inaturalist.org/observations/27124795","https://static.inaturalist.org/photos/42169437/medium.jpeg?1560730208","urban-rural-moths",27124795,"Butterflies and Moths","Insecta",47157,"false",0,0,"2019/05/11 5:51 PM EDT","2019-05-11","2019-05-11 21:51:00 UTC","Eastern Time (US & Canada)",30,NA,NA,NA,"false","","",NA,1580944,"2019-06-17 00:14:21 UTC","2019-06-17 00:14:21 UTC","needs_id","CC0",NA,NA,"false"
"26","Deidamia inscriptum","2019-03-10 17:54:00 -0400","BIVA 3/10/19","BIVA",29.62098,-82.3335,NA,"Lettered Sphinx Moth","https://www.inaturalist.org/observations/27124794","https://static.inaturalist.org/photos/42169286/medium.jpeg?1560730103","urban-rural-moths",27124794,"Lettered Sphinx Moth","Insecta",143452,"false",2,0,"2019/03/10 5:54 PM EDT","2019-03-10","2019-03-10 21:54:00 UTC","Eastern Time (US & Canada)",30,NA,NA,NA,"false","","",NA,1580944,"2019-06-17 00:14:21 UTC","2019-06-18 13:41:21 UTC","research","CC0",NA,NA,"false"
"27","Lepidoptera","2019-05-11 17:56:00 -0400","BOWA 5/11/19","BOWA",29.6206,-82.3081,NA,"Butterflies and Moths","https://www.inaturalist.org/observations/27124793","https://static.inaturalist.org/photos/42169029/medium.jpeg?1560729931","urban-rural-moths",27124793,"Butterflies and Moths","Insecta",47157,"false",0,0,"2019/05/11 5:56 PM EDT","2019-05-11","2019-05-11 21:56:00 UTC","Eastern Time (US & Canada)",30,NA,NA,NA,"false","","",NA,1580944,"2019-06-17 00:14:21 UTC","2019-06-17 00:14:21 UTC","needs_id","CC0",NA,NA,"false"
"28","Spilosomina","2019-03-10 17:57:00 -0400","BIVA 3/10/19","BIVA",29.62098,-82.3335,NA,"","https://www.inaturalist.org/observations/27124186","https://static.inaturalist.org/photos/42168860/medium.jpeg?1560729792","urban-rural-moths",27124186,"Spilosomina","Insecta",123834,"false",0,0,"2019/03/10 5:57 PM EDT","2019-03-10","2019-03-10 21:57:00 UTC","Eastern Time (US & Canada)",30,NA,NA,NA,"false","","",NA,1580944,"2019-06-17 00:04:59 UTC","2019-06-17 00:04:59 UTC","needs_id","CC0",NA,NA,"false"
"29","Lepidoptera","2019-03-10 17:41:50 -0400","RIST 3/10/19","Gainesville, FL 32608, USA",29.6343664,-82.3661782,NA,"Butterflies and Moths","https://www.inaturalist.org/observations/26537466","https://static.inaturalist.org/photos/41215833/medium.jpeg?1559888366","urban-rural-moths",26537466,"Butterflies and Moths","Insecta",47157,"false",0,0,"2019-03-10 5:41:50 PM EDT","2019-03-10","2019-03-10 21:41:50 UTC","Eastern Time (US & Canada)",22,NA,NA,NA,"false","","",NA,1580944,"2019-06-07 06:19:23 UTC","2019-06-07 06:19:37 UTC","needs_id","CC0",NA,2,"false"
"30","Lepidoptera","2019-03-10 17:35:23 -0400","RIST 3/10/19","Gainesville, FL 32608, USA",29.5483,-82.2001,NA,"Butterflies and Moths","https://www.inaturalist.org/observations/26537459","https://static.inaturalist.org/photos/41215817/medium.jpeg?1559888344","urban-rural-moths",26537459,"Butterflies and Moths","Insecta",47157,"false",0,0,"2019-03-10 5:35:23 PM EDT","2019-03-10","2019-03-10 21:35:23 UTC","Eastern Time (US & Canada)",100,NA,NA,NA,"false","","",NA,1580944,"2019-06-07 06:19:01 UTC","2019-06-25 20:08:21 UTC","needs_id","CC0",NA,2,"false"
"31","Lepidoptera","2019-06-06 17:24:12 -0400","RIST 3/10/19","Gainesville, FL 32608, USA",29.6343217,-82.3661104,NA,"Butterflies and Moths","https://www.inaturalist.org/observations/26537456","https://static.inaturalist.org/photos/41215800/medium.jpeg?1559888323","urban-rural-moths",26537456,"Butterflies and Moths","Insecta",47157,"false",0,0,"2019-06-06 5:24:12 PM EDT","2019-06-06","2019-06-06 21:24:12 UTC","Eastern Time (US & Canada)",25,NA,NA,NA,"false","","",NA,1580944,"2019-06-07 06:18:40 UTC","2019-06-07 06:18:59 UTC","needs_id","CC0",NA,2,"false"
"32","Lepidoptera","2019-03-10 17:20:31 -0400","RIST 3/10/19","Gainesville, FL 32608, USA",29.6343668,-82.3661716,NA,"Butterflies and Moths","https://www.inaturalist.org/observations/26537450","https://static.inaturalist.org/photos/41215786/medium.jpeg?1559888302","urban-rural-moths",26537450,"Butterflies and Moths","Insecta",47157,"false",0,0,"2019-03-10 5:20:31 PM EDT","2019-03-10","2019-03-10 21:20:31 UTC","Eastern Time (US & Canada)",22,NA,NA,NA,"false","","",NA,1580944,"2019-06-07 06:18:19 UTC","2019-06-07 06:18:38 UTC","needs_id","CC0",NA,2,"false"
"33","Lepidoptera","2019-03-10 17:46:43 -0400","RIST 3/10/19","University of Florida, Gainesville, FL, US",29.6344566031,-82.3662254872,NA,"Butterflies and Moths","https://www.inaturalist.org/observations/26517569","https://static.inaturalist.org/photos/41182594/medium.jpg?1559857763","urban-rural-moths",26517569,"","Insecta",47157,"false",0,0,"Sun Mar 10 2019 17:46:43 GMT-0400 (EDT)","2019-03-10","2019-03-10 21:46:43 UTC","Eastern Time (US & Canada)",65,NA,NA,NA,"false","","",NA,1580944,"2019-06-06 21:49:18 UTC","2019-06-10 05:30:20 UTC","needs_id","CC0",NA,3,"false"
"34","Lepidoptera","2019-03-10 17:40:03 -0400","RIST 3/10/19","University of Florida, Gainesville, FL, US",29.6343764571,-82.3662230804,NA,"Butterflies and Moths","https://www.inaturalist.org/observations/26517220","https://static.inaturalist.org/photos/41181991/medium.jpg?1559857355","urban-rural-moths",26517220,"","Insecta",47157,"false",0,0,"Sun Mar 10 2019 17:40:03 GMT-0400 (EDT)","2019-03-10","2019-03-10 21:40:03 UTC","Eastern Time (US & Canada)",65,NA,NA,NA,"false","","",NA,1580944,"2019-06-06 21:42:13 UTC","2019-06-07 01:09:45 UTC","needs_id","CC0",NA,3,"false"
"35","Lepidoptera","2019-03-10 17:33:20 -0400","RIST 3/10/19","Alachua County, US-FL, US",29.5483,-82.2001,NA,"Butterflies and Moths","https://www.inaturalist.org/observations/26517129","https://static.inaturalist.org/photos/41181816/medium.jpg?1559857189","urban-rural-moths",26517129,"Butterflies and Moths","Insecta",47157,"false",0,0,"Sun Mar 10 2019 17:33:20 GMT-0400 (EDT)","2019-03-10","2019-03-10 21:33:20 UTC","Eastern Time (US & Canada)",65,NA,NA,NA,"false","","",NA,1580944,"2019-06-06 21:39:33 UTC","2019-06-07 01:10:13 UTC","needs_id","CC0",NA,3,"false"
"36","Lepidoptera","2019-03-10 17:20:38 -0400","RIST 3/10/19
","Alachua County, US-FL, US",29.5483,-82.2001,NA,"Butterflies and Moths","https://www.inaturalist.org/observations/26516484","https://static.inaturalist.org/photos/41180482/medium.jpg?1559856228","urban-rural-moths",26516484,"Butterflies and Moths","Insecta",47157,"false",0,0,"Sun Mar 10 2019 17:20:38 GMT-0400 (EDT)","2019-03-10","2019-03-10 21:20:38 UTC","Eastern Time (US & Canada)",65,NA,NA,NA,"false","","",NA,1580944,"2019-06-06 21:23:29 UTC","2019-06-07 01:10:19 UTC","needs_id","CC0",NA,3,"false"
"37","Lepidoptera","2019-03-10 17:15:09 -0400","RIST 3/10/19","Gainesville, FL 32608, USA",29.6343604,-82.3661225,NA,"Butterflies and Moths","https://www.inaturalist.org/observations/26516319","https://static.inaturalist.org/photos/41215770/medium.jpeg?1559888274","urban-rural-moths",26516319,"Butterflies and Moths","Insecta",47157,"false",0,0,"2019-03-10 5:15:09 PM EDT","2019-03-10","2019-03-10 21:15:09 UTC","Eastern Time (US & Canada)",23,NA,NA,NA,"false","","",NA,1580944,"2019-06-06 21:18:42 UTC","2019-06-10 05:30:23 UTC","needs_id","CC0",NA,2,"false"
"38","Lepidoptera","2019-03-10 17:14:33 -0400","RIST 3/10/19","Alachua County, US-FL, US",29.5483,-82.2001,NA,"Butterflies and Moths","https://www.inaturalist.org/observations/26516144","https://static.inaturalist.org/photos/41179913/medium.jpg?1559855811","urban-rural-moths",26516144,"Butterflies and Moths","Insecta",47157,"false",0,0,"Sun Mar 10 2019 17:14:33 GMT-0400 (EDT)","2019-03-10","2019-03-10 21:14:33 UTC","Eastern Time (US & Canada)",65,NA,NA,NA,"false","","",NA,1580944,"2019-06-06 21:16:24 UTC","2019-06-07 01:10:22 UTC","needs_id","CC0",NA,3,"false"
"39","Lepidoptera","2019-03-10 17:08:02 -0400","RIST 3/10/19
","Alachua County, US-FL, US",29.5483,-82.2001,NA,"Butterflies and Moths","https://www.inaturalist.org/observations/26515861","https://static.inaturalist.org/photos/41179506/medium.jpg?1559855483","urban-rural-moths",26515861,"Butterflies and Moths","Insecta",47157,"false",0,0,"Sun Mar 10 2019 17:08:02 GMT-0400 (EDT)","2019-03-10","2019-03-10 21:08:02 UTC","Eastern Time (US & Canada)",65,NA,NA,NA,"false","","",NA,1580944,"2019-06-06 21:11:09 UTC","2019-06-07 01:10:26 UTC","needs_id","CC0",NA,3,"false"
"40","Lepidoptera","2019-03-10 16:59:47 -0400","RIST 3/10/19","Alachua County, US-FL, US",29.5483,-82.2001,NA,"Butterflies and Moths","https://www.inaturalist.org/observations/26515811","https://static.inaturalist.org/photos/41179413/medium.jpeg?1559855414","urban-rural-moths",26515811,"Butterflies and Moths","Insecta",47157,"false",0,0,"2019-03-10 4:59:47 PM EDT","2019-03-10","2019-03-10 20:59:47 UTC","Eastern Time (US & Canada)",23,NA,NA,NA,"false","","",NA,1580944,"2019-06-06 21:10:11 UTC","2019-06-07 01:10:28 UTC","needs_id","CC0",NA,2,"false"
"41","Lepidoptera","2019-03-16 17:07:56 -0400","BACA 3/16/19","Alachua County, US-FL, US",29.6427,-82.3452,NA,"Butterflies and Moths","https://www.inaturalist.org/observations/26515796","https://static.inaturalist.org/photos/41179408/medium.jpg?1559855412","urban-rural-moths",26515796,"Butterflies and Moths","Insecta",47157,"false",0,0,"Sat Mar 16 2019 17:07:56 GMT-0400 (EDT)","2019-03-16","2019-03-16 21:07:56 UTC","Eastern Time (US & Canada)",65,NA,NA,NA,"false","","",NA,1580944,"2019-06-06 21:09:51 UTC","2019-06-07 01:10:31 UTC","needs_id","CC0",NA,3,"false"
"42","Lepidoptera","2019-03-10 16:58:02 -0400","RIST 3/10/19","Alachua County, US-FL, US",29.5483,-82.2001,NA,"Butterflies and Moths","https://www.inaturalist.org/observations/26515401","https://static.inaturalist.org/photos/41178759/medium.jpg?1559854859","urban-rural-moths",26515401,"Butterflies and Moths","Insecta",47157,"false",0,0,"Sun Mar 10 2019 16:58:02 GMT-0400 (EDT)","2019-03-10","2019-03-10 20:58:02 UTC","Eastern Time (US & Canada)",65,NA,NA,NA,"false","","",NA,1580944,"2019-06-06 21:00:51 UTC","2019-06-07 01:10:34 UTC","needs_id","CC0",NA,3,"false"
"43","Lepidoptera","2019-03-10 16:52:23 -0400","RIST 3/10/19","Alachua County, US-FL, US",29.5483,-82.2001,NA,"Butterflies and Moths","https://www.inaturalist.org/observations/26515284","https://static.inaturalist.org/photos/41178536/medium.jpeg?1559854677","urban-rural-moths",26515284,"Butterflies and Moths","Insecta",47157,"false",0,0,"2019-03-10 4:52:23 PM EDT","2019-03-10","2019-03-10 20:52:23 UTC","Eastern Time (US & Canada)",22,NA,NA,NA,"false","","",NA,1580944,"2019-06-06 20:57:52 UTC","2019-06-07 01:10:52 UTC","needs_id","CC0",NA,2,"false"
"44","Limacodidae","2019-03-10 16:50:43 -0400","RIST 3/10/19
","Alachua County, US-FL, US",29.5483,-82.2001,NA,"Slug Caterpillar Moths","https://www.inaturalist.org/observations/26515220","https://static.inaturalist.org/photos/41178430/medium.jpg?1559854578","urban-rural-moths",26515220,"Slug Caterpillar Moths","Insecta",84165,"false",1,0,"Sun Mar 10 2019 16:50:43 GMT-0400 (EDT)","2019-03-10","2019-03-10 20:50:43 UTC","Eastern Time (US & Canada)",65,NA,NA,NA,"false","","",NA,1580944,"2019-06-06 20:56:12 UTC","2019-06-07 01:10:55 UTC","needs_id","CC0",NA,3,"false"
"45","Limacodidae","2019-03-10 16:41:45 -0400","RIST 3/10/19","Alachua County, US-FL, US",29.5483,-82.2001,NA,"Slug Caterpillar Moths","https://www.inaturalist.org/observations/26514967","https://static.inaturalist.org/photos/41177933/medium.jpeg?1559854220","urban-rural-moths",26514967,"Slug Caterpillar Moths","Insecta",84165,"false",0,0,"2019-03-10 4:41:45 PM EDT","2019-03-10","2019-03-10 20:41:45 UTC","Eastern Time (US & Canada)",9,NA,NA,NA,"false","","",NA,1580944,"2019-06-06 20:50:17 UTC","2019-06-07 01:11:01 UTC","needs_id","CC0",NA,2,"false"
"46","Lepidoptera","2019-04-07 16:42:26 -0400","BACA 4/7/19","Alachua County, US-FL, US",29.6427,-82.3452,NA,"Butterflies and Moths","https://www.inaturalist.org/observations/26514804","https://static.inaturalist.org/photos/41177543/medium.jpg?1559853932","urban-rural-moths",26514804,"Butterflies and Moths","Insecta",47157,"false",0,0,"Sun Apr 07 2019 16:42:26 GMT-0400 (EDT)","2019-04-07","2019-04-07 20:42:26 UTC","Eastern Time (US & Canada)",65,NA,NA,NA,"false","","",NA,1580944,"2019-06-06 20:45:19 UTC","2019-06-07 01:11:16 UTC","needs_id","CC0",NA,3,"false"
"47","Limacodidae","2019-03-10 16:37:44 -0400","RIST 3/10/19","Alachua County, US-FL, US",29.5483,-82.2001,NA,"Slug Caterpillar Moths","https://www.inaturalist.org/observations/26514721","https://static.inaturalist.org/photos/41177429/medium.jpg?1559853821","urban-rural-moths",26514721,"Slug Caterpillar Moths","Insecta",84165,"false",1,0,"Sun Mar 10 2019 16:37:44 GMT-0400 (EDT)","2019-03-10","2019-03-10 20:37:44 UTC","Eastern Time (US & Canada)",65,NA,NA,NA,"false","","",NA,1580944,"2019-06-06 20:43:23 UTC","2019-06-10 05:30:26 UTC","needs_id","CC0",NA,3,"false"
"48","Lepidoptera","2019-04-07 16:39:47 -0400","BACA 4/7/19","Alachua County, US-FL, US",29.6427,-82.3452,NA,"Butterflies and Moths","https://www.inaturalist.org/observations/26514589","https://static.inaturalist.org/photos/41177308/medium.jpg?1559853724","urban-rural-moths",26514589,"Butterflies and Moths","Insecta",47157,"false",0,0,"Sun Apr 07 2019 16:39:47 GMT-0400 (EDT)","2019-04-07","2019-04-07 20:39:47 UTC","Eastern Time (US & Canada)",65,NA,NA,NA,"false","","",NA,1580944,"2019-06-06 20:41:44 UTC","2019-06-10 05:30:43 UTC","needs_id","CC0",NA,3,"false"
"49","Lepidoptera","2019-03-10 16:31:05 -0400","RIST 3/10/19","Alachua County, US-FL, US",29.5483,-82.2001,NA,"Butterflies and Moths","https://www.inaturalist.org/observations/26514392","https://static.inaturalist.org/photos/41177087/medium.jpeg?1559853542","urban-rural-moths",26514392,"Butterflies and Moths","Insecta",47157,"false",0,0,"2019-03-10 4:31:05 PM EDT","2019-03-10","2019-03-10 20:31:05 UTC","Eastern Time (US & Canada)",22,NA,NA,NA,"false","","",NA,1580944,"2019-06-06 20:38:57 UTC","2019-06-10 05:30:46 UTC","needs_id","CC0",NA,2,"false"
"50","Lepidoptera","2019-03-10 16:26:14 -0400","RIST 3/10/19
","Alachua County, US-FL, US",29.5483,-82.2001,NA,"Butterflies and Moths","https://www.inaturalist.org/observations/26513934","https://static.inaturalist.org/photos/41176695/medium.jpg?1559853227","urban-rural-moths",26513934,"Butterflies and Moths","Insecta",47157,"false",0,0,"Sun Mar 10 2019 16:26:14 GMT-0400 (EDT)","2019-03-10","2019-03-10 20:26:14 UTC","Eastern Time (US & Canada)",65,NA,NA,NA,"false","","",NA,1580944,"2019-06-06 20:32:52 UTC","2019-06-10 05:30:49 UTC","needs_id","CC0",NA,3,"false"
"51","Lepidoptera","2019-03-10 16:22:35 -0400","RIST 3/10/19","Alachua County, US-FL, US",29.5483,-82.2001,NA,"Butterflies and Moths","https://www.inaturalist.org/observations/26513770","https://static.inaturalist.org/photos/41176333/medium.jpeg?1559853010","urban-rural-moths",26513770,"Butterflies and Moths","Insecta",47157,"false",0,0,"2019-03-10 4:22:35 PM EDT","2019-03-10","2019-03-10 20:22:35 UTC","Eastern Time (US & Canada)",23,NA,NA,NA,"false","","",NA,1580944,"2019-06-06 20:30:07 UTC","2019-06-10 05:30:52 UTC","needs_id","CC0",NA,2,"false"
"52","Arctiini","2019-03-10 16:19:07 -0400","RIST 3/10/19
","Alachua County, US-FL, US",29.5483,-82.2001,NA,"Tiger Moths","https://www.inaturalist.org/observations/26513404","https://static.inaturalist.org/photos/41175750/medium.jpg?1559852667","urban-rural-moths",26513404,"Tiger Moths","Insecta",82089,"false",1,0,"Sun Mar 10 2019 16:19:07 GMT-0400 (EDT)","2019-03-10","2019-03-10 20:19:07 UTC","Eastern Time (US & Canada)",65,NA,NA,NA,"false","","",NA,1580944,"2019-06-06 20:24:03 UTC","2019-06-10 05:30:55 UTC","needs_id","CC0",NA,3,"false"
"53","Lepidoptera","2019-03-16 16:20:16 -0400","COFR 3/16/19","Alachua County, US-FL, US",29.6613,-82.3944,NA,"Butterflies and Moths","https://www.inaturalist.org/observations/26513268","https://static.inaturalist.org/photos/41175496/medium.jpg?1559852514","urban-rural-moths",26513268,"Butterflies and Moths","Insecta",47157,"false",0,0,"Sat Mar 16 2019 16:20:16 GMT-0400 (EDT)","2019-03-16","2019-03-16 20:20:16 UTC","Eastern Time (US & Canada)",65,NA,NA,NA,"false","","",NA,1580944,"2019-06-06 20:21:48 UTC","2019-06-10 05:30:58 UTC","needs_id","CC0",NA,3,"false"
"54","Desmia funeralis","2019-03-10 16:12:23 -0400","RIST 3/10/19","Alachua County, US-FL, US",29.5483,-82.2001,NA,"Grape Leaffolder Moth","https://www.inaturalist.org/observations/26513242","https://static.inaturalist.org/photos/41175445/medium.jpeg?1559852484","urban-rural-moths",26513242,"Grape Leaffolder Moth","Insecta",118788,"false",1,0,"2019-03-10 4:12:23 PM EDT","2019-03-10","2019-03-10 20:12:23 UTC","Eastern Time (US & Canada)",23,NA,NA,NA,"false","gps","gps",NA,1580944,"2019-06-06 20:21:20 UTC","2019-06-10 05:31:02 UTC","needs_id","CC0",NA,2,"false"
"55","Lepidoptera","2019-03-16 16:18:11 -0400","COFR 3/16/19","Alachua County, US-FL, US",29.6613,-82.3944,NA,"Butterflies and Moths","https://www.inaturalist.org/observations/26513187","https://static.inaturalist.org/photos/41175333/medium.jpg?1559852426","urban-rural-moths",26513187,"Butterflies and Moths","Insecta",47157,"false",0,0,"Sat Mar 16 2019 16:18:11 GMT-0400 (EDT)","2019-03-16","2019-03-16 20:18:11 UTC","Eastern Time (US & Canada)",65,NA,NA,NA,"false","","",NA,1580944,"2019-06-06 20:20:02 UTC","2019-06-10 05:31:06 UTC","needs_id","CC0",NA,3,"false"
"56","Lepidoptera","2019-03-10 16:08:49 -0400","RIST 3/10/19","Alachua County, US-FL, US",29.5483,-82.2001,NA,"Butterflies and Moths","https://www.inaturalist.org/observations/26513101","https://static.inaturalist.org/photos/41175175/medium.jpg?1559852191","urban-rural-moths",26513101,"Butterflies and Moths","Insecta",47157,"false",0,0,"Sun Mar 10 2019 16:08:49 GMT-0400 (EDT)","2019-03-10","2019-03-10 20:08:49 UTC","Eastern Time (US & Canada)",65,NA,NA,NA,"false","","",NA,1580944,"2019-06-06 20:16:14 UTC","2019-06-10 05:31:09 UTC","needs_id","CC0",NA,3,"false"
"57","Halysidota","2019-03-10 16:01:48 -0400","RIST 3/10/19","Alachua County, US-FL, US",29.5483,-82.2001,NA,"","https://www.inaturalist.org/observations/26512728","https://static.inaturalist.org/photos/41175395/medium.jpeg?1559852453","urban-rural-moths",26512728,"Halysidota","Insecta",120218,"false",1,0,"2019-03-10 4:01:48 PM EDT","2019-03-10","2019-03-10 20:01:48 UTC","Eastern Time (US & Canada)",39,NA,NA,NA,"false","","",NA,1580944,"2019-06-06 20:10:27 UTC","2019-06-10 05:31:12 UTC","needs_id","CC0",NA,2,"false"
"58","Lepidoptera","2019-03-10 15:57:21 -0400","RIST 3/10/19
","Alachua County, US-FL, US",29.5483,-82.2001,NA,"Butterflies and Moths","https://www.inaturalist.org/observations/26512334","https://static.inaturalist.org/photos/41174074/medium.jpg?1559851408","urban-rural-moths",26512334,"Butterflies and Moths","Insecta",47157,"false",0,0,"Sun Mar 10 2019 15:57:21 GMT-0400 (EDT)","2019-03-10","2019-03-10 19:57:21 UTC","Eastern Time (US & Canada)",65,NA,NA,NA,"false","","",NA,1580944,"2019-06-06 20:03:22 UTC","2019-06-10 05:31:15 UTC","needs_id","CC0",NA,3,"false"
"59","Lepidoptera","2019-03-10 15:53:07 -0400","RIST 3/10/19","Alachua County, US-FL, US",29.5483,-82.2001,NA,"Butterflies and Moths","https://www.inaturalist.org/observations/26512238","https://static.inaturalist.org/photos/41173903/medium.jpeg?1559851275","urban-rural-moths",26512238,"Butterflies and Moths","Insecta",47157,"false",0,0,"2019-03-10 3:53:07 PM EDT","2019-03-10","2019-03-10 19:53:07 UTC","Eastern Time (US & Canada)",24,NA,NA,NA,"false","","",NA,1580944,"2019-06-06 20:01:12 UTC","2019-06-10 05:31:18 UTC","needs_id","CC0",NA,2,"false"
"60","Desmia funeralis","2019-03-24 15:53:58 -0400","JOMA 3/24/19","Alachua County, US-FL, US",29.6525,-82.3883,NA,"Grape Leaffolder Moth","https://www.inaturalist.org/observations/26511977","https://static.inaturalist.org/photos/41173616/medium.jpg?1559851077","urban-rural-moths",26511977,"Grape Leaffolder Moth","Insecta",118788,"false",2,0,"Sun Mar 24 2019 15:53:58 GMT-0400 (EDT)","2019-03-24","2019-03-24 19:53:58 UTC","Eastern Time (US & Canada)",65,NA,NA,NA,"false","","",NA,1580944,"2019-06-06 19:57:09 UTC","2019-06-10 05:31:21 UTC","research","CC0",NA,3,"false"
"61","Lepidoptera","2019-03-24 15:51:44 -0400","JOMA 3/24/19","Alachua County, US-FL, US",29.6525,-82.3883,NA,"Butterflies and Moths","https://www.inaturalist.org/observations/26511792","https://static.inaturalist.org/photos/41173281/medium.jpg?1559850832","urban-rural-moths",26511792,"Butterflies and Moths","Insecta",47157,"false",0,0,"Sun Mar 24 2019 15:51:44 GMT-0400 (EDT)","2019-03-24","2019-03-24 19:51:44 UTC","Eastern Time (US & Canada)",65,NA,NA,NA,"false","","",NA,1580944,"2019-06-06 19:53:30 UTC","2019-06-10 05:31:24 UTC","needs_id","CC0",NA,3,"false"
"62","Halysidota","2019-03-10 15:43:16 -0400","RIST 3/10/19","Alachua County, US-FL, US",29.5483,-82.2001,NA,"","https://www.inaturalist.org/observations/26511752","https://static.inaturalist.org/photos/41173176/medium.jpg?1559850773","urban-rural-moths",26511752,"Butterflies and Moths","Insecta",120218,"false",1,0,"Sun Mar 10 2019 15:43:16 GMT-0400 (EDT)","2019-03-10","2019-03-10 19:43:16 UTC","Eastern Time (US & Canada)",65,NA,NA,NA,"false","","",NA,1580944,"2019-06-06 19:52:48 UTC","2019-06-10 05:31:28 UTC","needs_id","CC0",NA,3,"false"
"63","Lepidoptera","2019-03-10 15:42:00 -0400","RIST 3/10/19","Alachua County, US-FL, US",29.5483,-82.2001,NA,"Butterflies and Moths","https://www.inaturalist.org/observations/26511705","https://static.inaturalist.org/photos/41173102/medium.jpeg?1559850710","urban-rural-moths",26511705,"Butterflies and Moths","Insecta",47157,"false",0,0,"2019-03-10 3:42:00 PM EDT","2019-03-10","2019-03-10 19:42:00 UTC","Eastern Time (US & Canada)",23,NA,NA,NA,"false","","",NA,1580944,"2019-06-06 19:51:46 UTC","2019-06-10 05:31:31 UTC","needs_id","CC0",NA,2,"false"
"64","Lepidoptera","2019-03-24 15:45:58 -0400","JOMA 3/24/19","Alachua County, US-FL, US",29.6525,-82.3883,NA,"Butterflies and Moths","https://www.inaturalist.org/observations/26511690","https://static.inaturalist.org/photos/41173092/medium.jpg?1559850700","urban-rural-moths",26511690,"Butterflies and Moths","Insecta",47157,"false",0,0,"Sun Mar 24 2019 15:45:58 GMT-0400 (EDT)","2019-03-24","2019-03-24 19:45:58 UTC","Eastern Time (US & Canada)",65,NA,NA,NA,"false","","",NA,1580944,"2019-06-06 19:51:23 UTC","2019-06-10 05:31:34 UTC","needs_id","CC0",NA,3,"false"
"65","Lepidoptera","2019-03-10 15:35:14 -0400","RIST 3/10/19","Alachua County, US-FL, US",29.5483,-82.2001,NA,"Butterflies and Moths","https://www.inaturalist.org/observations/26511042","https://static.inaturalist.org/photos/41172105/medium.jpeg?1559849967","urban-rural-moths",26511042,"Butterflies and Moths","Insecta",47157,"false",0,0,"2019-03-10 3:35:14 PM EDT","2019-03-10","2019-03-10 19:35:14 UTC","Eastern Time (US & Canada)",23,NA,NA,NA,"false","","",NA,1580944,"2019-06-06 19:39:23 UTC","2019-06-10 05:31:39 UTC","needs_id","CC0",NA,2,"false"
"66","","","","",NA,NA,NA,"","https://www.inaturalist.org/observations/26510960","","urban-rural-moths",26510960,"","",NA,"false",0,0,"","","","Eastern Time (US & Canada)",NA,NA,NA,NA,"false","","",NA,1580944,"2019-06-06 19:38:06 UTC","2019-06-06 19:38:06 UTC","casual","CC0",NA,2,"false"
"67","Lepidoptera","2019-04-28 15:17:25 -0400","DEMI 4/28/19","Alachua County, US-FL, US",29.7041,-82.3945,NA,"Butterflies and Moths","https://www.inaturalist.org/observations/26510950","https://static.inaturalist.org/photos/41171923/medium.jpeg?1559849872","urban-rural-moths",26510950,"Butterflies and Moths","Insecta",47157,"false",0,0,"2019-04-28 3:17:25 PM EDT","2019-04-28","2019-04-28 19:17:25 UTC","Eastern Time (US & Canada)",30,NA,NA,NA,"false","","",NA,1580944,"2019-06-06 19:37:48 UTC","2019-06-10 05:31:42 UTC","needs_id","CC0",NA,2,"false"
"68","Lepidoptera","2019-04-28 15:11:19 -0400","DEMI 4/28/19","Alachua County, US-FL, US",29.7041,-82.3945,NA,"Butterflies and Moths","https://www.inaturalist.org/observations/26510852","https://static.inaturalist.org/photos/41171740/medium.jpeg?1559849773","urban-rural-moths",26510852,"Butterflies and Moths","Insecta",47157,"false",0,0,"2019-04-28 3:11:19 PM EDT","2019-04-28","2019-04-28 19:11:19 UTC","Eastern Time (US & Canada)",23,NA,NA,NA,"false","","",NA,1580944,"2019-06-06 19:36:10 UTC","2019-06-10 05:31:45 UTC","needs_id","CC0",NA,2,"false"
"69","Lepidoptera","2019-04-28 15:06:46 -0400","DEMI 4/28/19","Alachua County, US-FL, US",29.7041,-82.3945,NA,"Butterflies and Moths","https://www.inaturalist.org/observations/26510796","https://static.inaturalist.org/photos/41171704/medium.jpeg?1559849752","urban-rural-moths",26510796,"Butterflies and Moths","Insecta",47157,"false",0,0,"2019-04-28 3:06:46 PM EDT","2019-04-28","2019-04-28 19:06:46 UTC","Eastern Time (US & Canada)",23,NA,NA,NA,"false","","",NA,1580944,"2019-06-06 19:35:14 UTC","2019-06-10 05:31:49 UTC","needs_id","CC0",NA,2,"false"
"70","Lepidoptera","2019-03-16 15:21:49 -0400","PRCR 1/2 3/16/19","Alachua County, US-FL, US",29.6042,-82.2404,NA,"Butterflies and Moths","https://www.inaturalist.org/observations/26509959","https://static.inaturalist.org/photos/41170419/medium.jpg?1559849072","urban-rural-moths",26509959,"Butterflies and Moths","Insecta",47157,"false",0,0,"Sat Mar 16 2019 15:21:49 GMT-0400 (EDT)","2019-03-16","2019-03-16 19:21:49 UTC","Eastern Time (US & Canada)",65,NA,NA,NA,"false","","",NA,1580944,"2019-06-06 19:24:09 UTC","2019-06-10 05:31:52 UTC","needs_id","CC0",NA,3,"false"
"71","Lepidoptera","2019-03-16 19:19:34 -0400","PRCR 1/2 3/16/19","Alachua County, US-FL, US",29.6042,-82.2404,NA,"Butterflies and Moths","https://www.inaturalist.org/observations/26509802","https://static.inaturalist.org/photos/41170137/medium.jpg?1559848896","urban-rural-moths",26509802,"Butterflies and Moths","Insecta",47157,"false",0,0,"Sat Mar 16 2019 19:19:34 GMT-0400 (EDT)","2019-03-16","2019-03-16 23:19:34 UTC","Eastern Time (US & Canada)",65,NA,NA,NA,"false","","",NA,1580944,"2019-06-06 19:21:29 UTC","2019-06-10 05:31:55 UTC","needs_id","CC0",NA,3,"false"
"72","Lepidoptera","2019-03-16 15:17:02 -0400","PRCR 1/2 3/16/19","Alachua County, US-FL, US",29.6042,-82.2404,NA,"Butterflies and Moths","https://www.inaturalist.org/observations/26509679","https://static.inaturalist.org/photos/41169946/medium.jpg?1559848765","urban-rural-moths",26509679,"Butterflies and Moths","Insecta",47157,"false",0,0,"Sat Mar 16 2019 15:17:02 GMT-0400 (EDT)","2019-03-16","2019-03-16 19:17:02 UTC","Eastern Time (US & Canada)",65,NA,NA,NA,"false","","",NA,1580944,"2019-06-06 19:19:09 UTC","2019-06-06 20:05:33 UTC","needs_id","CC0",NA,3,"false"
"73","Lepidoptera","2019-03-16 15:14:17 -0400","PRCR 1/2 3/16/19","Alachua County, US-FL, US",29.6042,-82.2404,NA,"Butterflies and Moths","https://www.inaturalist.org/observations/26509557","https://static.inaturalist.org/photos/41169707/medium.jpg?1559848587","urban-rural-moths",26509557,"Butterflies and Moths","Insecta",47157,"false",0,0,"Sat Mar 16 2019 15:14:17 GMT-0400 (EDT)","2019-03-16","2019-03-16 19:14:17 UTC","Eastern Time (US & Canada)",65,NA,NA,NA,"false","","",NA,1580944,"2019-06-06 19:16:10 UTC","2019-06-07 01:11:24 UTC","needs_id","CC0",NA,3,"false"
"74","Lepidoptera","2019-03-16 15:11:39 -0400","PRCR 1/2 3/16/19","Alachua County, US-FL, US",29.6042,-82.2404,NA,"Butterflies and Moths","https://www.inaturalist.org/observations/26509430","https://static.inaturalist.org/photos/41169561/medium.jpg?1559848492","urban-rural-moths",26509430,"Butterflies and Moths","Insecta",47157,"false",0,0,"Sat Mar 16 2019 15:11:39 GMT-0400 (EDT)","2019-03-16","2019-03-16 19:11:39 UTC","Eastern Time (US & Canada)",65,NA,NA,NA,"false","","",NA,1580944,"2019-06-06 19:13:55 UTC","2019-06-07 01:11:26 UTC","needs_id","CC0",NA,3,"false"
"75","Lepidoptera","2019-03-16 15:06:38 -0400","PRCR 1/2 3/16/19","Alachua County, US-FL, US",29.6042,-82.2404,NA,"Butterflies and Moths","https://www.inaturalist.org/observations/26509142","https://static.inaturalist.org/photos/41169067/medium.jpg?1559848153","urban-rural-moths",26509142,"Butterflies and Moths","Insecta",47157,"false",0,0,"Sat Mar 16 2019 15:06:38 GMT-0400 (EDT)","2019-03-16","2019-03-16 19:06:38 UTC","Eastern Time (US & Canada)",65,NA,NA,NA,"false","","",NA,1580944,"2019-06-06 19:09:04 UTC","2019-06-07 01:11:30 UTC","needs_id","CC0",NA,3,"false"
"76","Lepidoptera","2019-03-16 15:03:46 -0400","PRCR 1/2 3/16/19","Alachua County, US-FL, US",29.6042,-82.2404,NA,"Butterflies and Moths","https://www.inaturalist.org/observations/26509004","https://static.inaturalist.org/photos/41168846/medium.jpg?1559847995","urban-rural-moths",26509004,"Butterflies and Moths","Insecta",47157,"false",0,0,"Sat Mar 16 2019 15:03:46 GMT-0400 (EDT)","2019-03-16","2019-03-16 19:03:46 UTC","Eastern Time (US & Canada)",65,NA,NA,NA,"false","","",NA,1580944,"2019-06-06 19:06:26 UTC","2019-06-07 01:11:32 UTC","needs_id","CC0",NA,3,"false"
"77","Lepidoptera","2019-04-28 15:04:25 -0400","DEMI 4/28/19","Alachua County, US-FL, US",29.7041,-82.3945,NA,"Butterflies and Moths","https://www.inaturalist.org/observations/26508938","https://static.inaturalist.org/photos/41168797/medium.jpeg?1559847949","urban-rural-moths",26508938,"Butterflies and Moths","Insecta",47157,"false",0,0,"2019-04-28 3:04:25 PM EDT","2019-04-28","2019-04-28 19:04:25 UTC","Eastern Time (US & Canada)",34,NA,NA,NA,"false","","",NA,1580944,"2019-06-06 19:05:45 UTC","2019-06-07 01:11:35 UTC","needs_id","CC0",NA,2,"false"
"78","Lepidoptera","2019-04-28 14:58:41 -0400","DEMI 4/28/19","Alachua County, US-FL, US",29.7041,-82.3945,NA,"Butterflies and Moths","https://www.inaturalist.org/observations/26508746","https://static.inaturalist.org/photos/41168643/medium.jpeg?1559847846","urban-rural-moths",26508746,"Butterflies and Moths","Insecta",47157,"false",0,0,"2019-04-28 2:58:41 PM EDT","2019-04-28","2019-04-28 18:58:41 UTC","Eastern Time (US & Canada)",22,NA,NA,NA,"false","","",NA,1580944,"2019-06-06 19:02:43 UTC","2019-06-07 01:11:38 UTC","needs_id","CC0",NA,2,"false"
"79","Lepidoptera","2019-03-16 14:59:07 -0400","PRCR 1/2 3/16/19","Alachua County, US-FL, US",29.6042,-82.2404,NA,"Butterflies and Moths","https://www.inaturalist.org/observations/26508635","https://static.inaturalist.org/photos/41168411/medium.jpg?1559847707","urban-rural-moths",26508635,"Butterflies and Moths","Insecta",47157,"false",0,0,"Sat Mar 16 2019 14:59:07 GMT-0400 (EDT)","2019-03-16","2019-03-16 18:59:07 UTC","Eastern Time (US & Canada)",65,NA,NA,NA,"false","","",NA,1580944,"2019-06-06 19:01:30 UTC","2019-06-07 01:11:40 UTC","needs_id","CC0",NA,3,"false"
"80","Lepidoptera","2019-03-16 14:53:14 -0400","PRCR 1/2 3/16/19","Alachua County, US-FL, US",29.6042,-82.2404,NA,"Butterflies and Moths","https://www.inaturalist.org/observations/26508467","https://static.inaturalist.org/photos/41168132/medium.jpg?1559847512","urban-rural-moths",26508467,"Butterflies and Moths","Insecta",47157,"false",0,0,"Sat Mar 16 2019 14:53:14 GMT-0400 (EDT)","2019-03-16","2019-03-16 18:53:14 UTC","Eastern Time (US & Canada)",65,NA,NA,NA,"false","","",NA,1580944,"2019-06-06 18:58:08 UTC","2019-06-07 01:11:43 UTC","needs_id","CC0",NA,3,"false"
"81","Lepidoptera","2019-04-28 14:53:51 -0400","DEMI 4/28/19","Alachua County, US-FL, US",29.7041,-82.3945,NA,"Butterflies and Moths","https://www.inaturalist.org/observations/26508463","https://static.inaturalist.org/photos/41168094/medium.jpeg?1559847490","urban-rural-moths",26508463,"Butterflies and Moths","Insecta",47157,"false",0,0,"2019-04-28 2:53:51 PM EDT","2019-04-28","2019-04-28 18:53:51 UTC","Eastern Time (US & Canada)",21,NA,NA,NA,"false","","",NA,1580944,"2019-06-06 18:58:06 UTC","2019-06-07 01:11:46 UTC","needs_id","CC0",NA,2,"false"
"82","Lepidoptera","2019-06-06 14:48:56 -0400","DEMI 4/28/19","Alachua County, US-FL, US",29.7041,-82.3945,NA,"Butterflies and Moths","https://www.inaturalist.org/observations/26508155","https://static.inaturalist.org/photos/41167626/medium.jpeg?1559847155","urban-rural-moths",26508155,"Butterflies and Moths","Insecta",47157,"false",0,0,"2019-06-06 2:48:56 PM EDT","2019-06-06","2019-06-06 18:48:56 UTC","Eastern Time (US & Canada)",21,NA,NA,NA,"false","","",NA,1580944,"2019-06-06 18:52:32 UTC","2019-06-07 01:11:49 UTC","needs_id","CC0",NA,2,"false"
"83","Lepidoptera","2019-03-16 14:48:51 -0400","PRCR 1/2 3/16/19","Alachua County, US-FL, US",29.6042,-82.2404,NA,"Butterflies and Moths","https://www.inaturalist.org/observations/26508106","https://static.inaturalist.org/photos/41167552/medium.jpg?1559847105","urban-rural-moths",26508106,"Butterflies and Moths","Insecta",47157,"false",0,0,"Sat Mar 16 2019 14:48:51 GMT-0400 (EDT)","2019-03-16","2019-03-16 18:48:51 UTC","Eastern Time (US & Canada)",65,NA,NA,NA,"false","","",NA,1580944,"2019-06-06 18:51:35 UTC","2019-06-07 01:11:53 UTC","needs_id","CC0",NA,3,"false"
"84","Lepidoptera","2019-04-28 00:00:00 -0500","DEMI 4/28/19","Alachua County, US-FL, US",29.7041,-82.3945,NA,"Butterflies and Moths","https://www.inaturalist.org/observations/26507869","https://static.inaturalist.org/photos/41167213/medium.jpeg?1559846866","urban-rural-moths",26507869,"Butterflies and Moths","Insecta",47157,"false",0,0,"2019-04-28","2019-04-28","","Eastern Time (US & Canada)",23,NA,NA,NA,"false","","",NA,1580944,"2019-06-06 18:47:42 UTC","2019-06-07 01:11:54 UTC","needs_id","CC0",NA,2,"false"
"85","Lepidoptera","2019-03-16 14:44:09 -0400","PRCR 1/2 3/16/19","Alachua County, US-FL, US",29.6042,-82.2404,NA,"Butterflies and Moths","https://www.inaturalist.org/observations/26507858","https://static.inaturalist.org/photos/41167216/medium.jpg?1559846869","urban-rural-moths",26507858,"Butterflies and Moths","Insecta",47157,"false",0,0,"Sat Mar 16 2019 14:44:09 GMT-0400 (EDT)","2019-03-16","2019-03-16 18:44:09 UTC","Eastern Time (US & Canada)",65,NA,NA,NA,"false","","",NA,1580944,"2019-06-06 18:47:26 UTC","2019-06-07 01:11:57 UTC","needs_id","CC0",NA,3,"false"
"86","Lepidoptera","2019-03-10 14:33:10 -0400","BACA 3/10/19","University of Florida, Gainesville, FL, US",29.6427,-82.3452,NA,"Butterflies and Moths","https://www.inaturalist.org/observations/26507225","https://static.inaturalist.org/photos/41166228/medium.jpg?1559846113","urban-rural-moths",26507225,"Butterflies and Moths","Insecta",47157,"false",0,0,"Sun Mar 10 2019 14:33:10 GMT-0400 (EDT)","2019-03-10","2019-03-10 18:33:10 UTC","Eastern Time (US & Canada)",65,NA,NA,NA,"false","","",NA,1580944,"2019-06-06 18:34:45 UTC","2019-06-07 01:11:59 UTC","needs_id","CC0",NA,3,"false"
"87","Desmia","2019-03-10 14:28:41 -0400","BACA 3/10/19","Alachua County, US-FL, US",29.6427,-82.3452,NA,"","https://www.inaturalist.org/observations/26507094","https://static.inaturalist.org/photos/41166050/medium.jpg?1559845984","urban-rural-moths",26507094,"Butterflies and Moths","Insecta",118789,"false",1,0,"Sun Mar 10 2019 14:28:41 GMT-0400 (EDT)","2019-03-10","2019-03-10 18:28:41 UTC","Eastern Time (US & Canada)",65,NA,NA,NA,"false","","",NA,1580944,"2019-06-06 18:32:42 UTC","2019-06-07 01:12:04 UTC","needs_id","CC0",NA,3,"false"
"88","Lepidoptera","2019-04-28 00:00:00 -0500","DEMI 4/28/19","Alachua County, US-FL, US",29.7041,-82.3945,NA,"Butterflies and Moths","https://www.inaturalist.org/observations/26506943","https://static.inaturalist.org/photos/41165735/medium.jpeg?1559845795","urban-rural-moths",26506943,"Butterflies and Moths","Insecta",47157,"false",0,0,"2019-04-28","2019-04-28","","Eastern Time (US & Canada)",26,NA,NA,NA,"false","","",NA,1580944,"2019-06-06 18:29:51 UTC","2019-06-07 01:12:05 UTC","needs_id","CC0",NA,2,"false"
"89","Lepidoptera","2019-03-10 14:22:48 -0400","BACA 3/10/19","Alachua County, US-FL, US",29.6427,-82.3452,NA,"Butterflies and Moths","https://www.inaturalist.org/observations/26506828","https://static.inaturalist.org/photos/41165551/medium.jpg?1559845707","urban-rural-moths",26506828,"Butterflies and Moths","Insecta",47157,"false",0,0,"Sun Mar 10 2019 14:22:48 GMT-0400 (EDT)","2019-03-10","2019-03-10 18:22:48 UTC","Eastern Time (US & Canada)",65,NA,NA,NA,"false","","",NA,1580944,"2019-06-06 18:28:09 UTC","2019-06-07 01:12:07 UTC","needs_id","CC0",NA,3,"false"
"90","Lepidoptera","2019-04-28 00:00:00 -0500","DEMI 4/28/19","Alachua County, US-FL, US",29.7041,-82.3945,NA,"Butterflies and Moths","https://www.inaturalist.org/observations/26506525","https://static.inaturalist.org/photos/41165045/medium.jpeg?1559845413","urban-rural-moths",26506525,"Butterflies and Moths","Insecta",47157,"false",0,0,"2019-04-28","2019-04-28","","Eastern Time (US & Canada)",21,NA,NA,NA,"false","","",NA,1580944,"2019-06-06 18:23:28 UTC","2019-06-07 01:12:10 UTC","needs_id","CC0",NA,2,"false"
"91","Lepidoptera","2019-03-10 11:26:18 -0400","AUCA","Alachua County, US-FL, US",29.7247,-82.2173,NA,"Butterflies and Moths","https://www.inaturalist.org/observations/26497028","https://static.inaturalist.org/photos/41152505/medium.jpg?1559836873","urban-rural-moths",26497028,"Butterflies and Moths","Insecta",47157,"false",0,0,"Sun Mar 10 2019 11:26:18 GMT-0400 (EDT)","2019-03-10","2019-03-10 15:26:18 UTC","Eastern Time (US & Canada)",23,NA,NA,NA,"false","","",NA,1580944,"2019-06-06 15:33:39 UTC","2019-06-07 01:13:40 UTC","needs_id","CC0",NA,3,"false"
"92","Lepidoptera","2019-05-10 11:19:05 -0400","AUCA ","Alachua County, US-FL, US",29.7247,-82.2173,NA,"Butterflies and Moths","https://www.inaturalist.org/observations/26496667","https://static.inaturalist.org/photos/41149463/medium.jpg?1559834781","urban-rural-moths",26496667,"Butterflies and Moths","Insecta",47157,"false",0,0,"Fri May 10 2019 11:19:05 GMT-0400 (EDT)","2019-05-10","2019-05-10 15:19:05 UTC","Eastern Time (US & Canada)",65,NA,NA,NA,"false","","",NA,1580944,"2019-06-06 15:25:10 UTC","2019-06-07 01:13:37 UTC","needs_id","CC0",NA,3,"false"
"93","Lepidoptera","2019-04-21 11:19:26 -0400","BIAR","Alachua County, US-FL, US",29.62098,-82.3335,NA,"Butterflies and Moths","https://www.inaturalist.org/observations/26496639","https://static.inaturalist.org/photos/41149298/medium.jpg?1559834682","urban-rural-moths",26496639,"Butterflies and Moths","Insecta",47157,"false",0,0,"Sun Apr 21 2019 11:19:26 GMT-0400 (EDT)","2019-04-21","2019-04-21 15:19:26 UTC","Eastern Time (US & Canada)",65,NA,NA,NA,"false","","",NA,1580944,"2019-06-06 15:24:23 UTC","2019-06-07 01:13:44 UTC","needs_id","CC0",NA,3,"false"
"94","Lepidoptera","2019-05-10 11:14:25 -0400","AUCA","Alachua County, US-FL, US",29.7247,-82.2173,NA,"Butterflies and Moths","https://www.inaturalist.org/observations/26496389","https://static.inaturalist.org/photos/41148738/medium.jpg?1559834322","urban-rural-moths",26496389,"Butterflies and Moths","Insecta",47157,"false",0,0,"Fri May 10 2019 11:14:25 GMT-0400 (EDT)","2019-05-10","2019-05-10 15:14:25 UTC","Eastern Time (US & Canada)",65,NA,NA,NA,"false","","",NA,1580944,"2019-06-06 15:18:38 UTC","2019-06-07 01:13:48 UTC","needs_id","CC0",NA,3,"false"
"95","Lepidoptera","2019-04-21 11:12:59 -0400","BIAR","Alachua County, US-FL, US",29.62098,-82.3335,NA,"Butterflies and Moths","https://www.inaturalist.org/observations/26496293","https://static.inaturalist.org/photos/41148637/medium.jpg?1559834231","urban-rural-moths",26496293,"Butterflies and Moths","Insecta",47157,"false",0,0,"Sun Apr 21 2019 11:12:59 GMT-0400 (EDT)","2019-04-21","2019-04-21 15:12:59 UTC","Eastern Time (US & Canada)",65,NA,NA,NA,"false","","",NA,1580944,"2019-06-06 15:16:58 UTC","2019-06-07 01:13:51 UTC","needs_id","CC0",NA,3,"false"
"96","Lepidoptera","2019-04-21 11:07:27 -0400","BIAR","Alachua County, US-FL, US",29.62098,-82.3335,NA,"Butterflies and Moths","https://www.inaturalist.org/observations/26496000","https://static.inaturalist.org/photos/41148216/medium.jpg?1559833863","urban-rural-moths",26496000,"Butterflies and Moths","Insecta",47157,"false",0,0,"Sun Apr 21 2019 11:07:27 GMT-0400 (EDT)","2019-04-21","2019-04-21 15:07:27 UTC","Eastern Time (US & Canada)",65,NA,NA,NA,"false","","",NA,1580944,"2019-06-06 15:10:50 UTC","2019-06-06 16:30:48 UTC","needs_id","CC0",NA,3,"false"
"97","Nadata gibbosa","2019-03-10 10:04:09 -0400","AUCA","Alachua County, US-FL, US",29.7247,-82.2173,NA,"White-dotted Prominent Moth","https://www.inaturalist.org/observations/26495936","https://static.inaturalist.org/photos/41148154/medium.jpg?1559833818","urban-rural-moths",26495936,"White-dotted Prominent Moth","Insecta",82204,"false",1,0,"Sun Mar 10 2019 10:04:09 GMT-0400 (EDT)","2019-03-10","2019-03-10 14:04:09 UTC","Eastern Time (US & Canada)",96,NA,NA,NA,"false","","",NA,1580944,"2019-06-06 15:09:32 UTC","2019-06-06 16:42:48 UTC","needs_id","CC0",NA,3,"false"
"98","Lepidoptera","2019-04-21 11:01:31 -0400","BIAR","Alachua County, US-FL, US",29.62098,-82.3335,NA,"Butterflies and Moths","https://www.inaturalist.org/observations/26495774","https://static.inaturalist.org/photos/41147852/medium.jpg?1559833549","urban-rural-moths",26495774,"Butterflies and Moths","Insecta",47157,"false",0,0,"Sun Apr 21 2019 11:01:31 GMT-0400 (EDT)","2019-04-21","2019-04-21 15:01:31 UTC","Eastern Time (US & Canada)",65,NA,NA,NA,"false","","",NA,1580944,"2019-06-06 15:05:45 UTC","2019-06-06 16:23:05 UTC","needs_id","CC0",NA,3,"false"
"99","Lepidoptera","2019-03-10 10:56:06 -0400","AUCA","Alachua County, US-FL, US",29.7247,-82.2173,NA,"Butterflies and Moths","https://www.inaturalist.org/observations/26495612","https://static.inaturalist.org/photos/41147681/medium.jpg?1559833361","urban-rural-moths",26495612,"Butterflies and Moths","Insecta",47157,"false",0,0,"Sun Mar 10 2019 10:56:06 GMT-0400 (EDT)","2019-03-10","2019-03-10 14:56:06 UTC","Eastern Time (US & Canada)",65,NA,NA,NA,"false","","",NA,1580944,"2019-06-06 15:02:04 UTC","2019-06-06 16:24:25 UTC","needs_id","CC0",NA,3,"false"
"100","Lepidoptera","2019-04-21 10:55:34 -0400","BIAR","Alachua County, US-FL, US",29.62098,-82.3335,NA,"Butterflies and Moths","https://www.inaturalist.org/observations/26495494","https://static.inaturalist.org/photos/41147387/medium.jpg?1559833160","urban-rural-moths",26495494,"Butterflies and Moths","Insecta",47157,"false",0,0,"Sun Apr 21 2019 10:55:34 GMT-0400 (EDT)","2019-04-21","2019-04-21 14:55:34 UTC","Eastern Time (US & Canada)",65,NA,NA,NA,"false","","",NA,1580944,"2019-06-06 14:59:16 UTC","2019-06-06 16:24:47 UTC","needs_id","CC0",NA,3,"false"
"101","Lepidoptera","2019-04-21 10:49:32 -0400","BIAR","Alachua County, US-FL, US",29.62098,-82.3335,NA,"Butterflies and Moths","https://www.inaturalist.org/observations/26495239","https://static.inaturalist.org/photos/41147013/medium.jpg?1559832858","urban-rural-moths",26495239,"Butterflies and Moths","Insecta",47157,"false",0,0,"Sun Apr 21 2019 10:49:32 GMT-0400 (EDT)","2019-04-21","2019-04-21 14:49:32 UTC","Eastern Time (US & Canada)",65,NA,NA,NA,"false","","",NA,1580944,"2019-06-06 14:54:15 UTC","2019-06-06 16:25:15 UTC","needs_id","CC0",NA,3,"false"
"102","Lepidoptera","2019-04-21 10:44:25 -0400","BIAR","Alachua County, US-FL, US",29.62098,-82.3335,NA,"Butterflies and Moths","https://www.inaturalist.org/observations/26494912","https://static.inaturalist.org/photos/41146545/medium.jpg?1559832497","urban-rural-moths",26494912,"Butterflies and Moths","Insecta",47157,"false",0,0,"Sun Apr 21 2019 10:44:25 GMT-0400 (EDT)","2019-04-21","2019-04-21 14:44:25 UTC","Eastern Time (US & Canada)",65,NA,NA,NA,"false","","",NA,1580944,"2019-06-06 14:48:05 UTC","2019-06-06 16:25:47 UTC","needs_id","CC0",NA,3,"false"
"103","Lepidoptera","2019-03-10 10:46:45 -0400","AUCA","Alachua County, US-FL, US",29.7247,-82.2173,NA,"Butterflies and Moths","https://www.inaturalist.org/observations/26494879","https://static.inaturalist.org/photos/41146473/medium.jpg?1559832435","urban-rural-moths",26494879,"Butterflies and Moths","Insecta",47157,"false",0,0,"Sun Mar 10 2019 10:46:45 GMT-0400 (EDT)","2019-03-10","2019-03-10 14:46:45 UTC","Eastern Time (US & Canada)",65,NA,NA,NA,"false","","",NA,1580944,"2019-06-06 14:47:13 UTC","2019-06-06 16:26:20 UTC","needs_id","CC0",NA,3,"false"
"104","Nadata gibbosa","2019-03-10 10:38:53 -0400","AUCA 
","Alachua County, US-FL, US",29.7247,-82.2173,NA,"White-dotted Prominent Moth","https://www.inaturalist.org/observations/26494738","https://static.inaturalist.org/photos/41146265/medium.jpg?1559832251","urban-rural-moths",26494738,"White-dotted Prominent Moth","Insecta",82204,"false",1,0,"Sun Mar 10 2019 10:38:53 GMT-0400 (EDT)","2019-03-10","2019-03-10 14:38:53 UTC","Eastern Time (US & Canada)",65,NA,NA,NA,"false","","",NA,1580944,"2019-06-06 14:43:57 UTC","2019-06-06 16:40:55 UTC","needs_id","CC0",NA,3,"false"
"105","Apantesis","2019-04-21 10:38:41 -0400","BIAR","Alachua County, US-FL, US",29.62098,-82.3335,NA,"","https://www.inaturalist.org/observations/26494697","https://static.inaturalist.org/photos/41146196/medium.jpg?1559832196","urban-rural-moths",26494697,"Butterflies and Moths","Insecta",119861,"false",1,0,"Sun Apr 21 2019 10:38:41 GMT-0400 (EDT)","2019-04-21","2019-04-21 14:38:41 UTC","Eastern Time (US & Canada)",770,NA,NA,NA,"false","","",NA,1580944,"2019-06-06 14:42:58 UTC","2019-06-06 16:27:11 UTC","needs_id","CC0",NA,3,"false"
"106","Lepidoptera","2019-04-21 10:33:21 -0400","BIAR","Alachua County, US-FL, US",29.62098,-82.3335,NA,"Butterflies and Moths","https://www.inaturalist.org/observations/26494371","https://static.inaturalist.org/photos/41145785/medium.jpg?1559831788","urban-rural-moths",26494371,"Butterflies and Moths","Insecta",47157,"false",0,0,"Sun Apr 21 2019 10:33:21 GMT-0400 (EDT)","2019-04-21","2019-04-21 14:33:21 UTC","Eastern Time (US & Canada)",65,NA,NA,NA,"false","","",NA,1580944,"2019-06-06 14:36:09 UTC","2019-06-06 16:27:39 UTC","needs_id","CC0",NA,3,"false"
"107","Antiblemma concinnula","2019-03-31 11:41:54 -0400","JOMA","Alachua County, US-FL, US",29.6525,-82.3883,NA,"","https://www.inaturalist.org/observations/26443561","https://static.inaturalist.org/photos/41062846/medium.jpg?1559749493","urban-rural-moths",26443561,"Antiblemma concinnula","Insecta",507674,"false",1,0,"Sun Mar 31 2019 11:41:54 GMT-0400 (EDT)","2019-03-31","2019-03-31 15:41:54 UTC","Eastern Time (US & Canada)",65,NA,NA,NA,"false","","",NA,1580944,"2019-06-05 15:44:28 UTC","2019-06-05 23:43:52 UTC","needs_id","CC0",NA,3,"false"
"108","Lepidoptera","2019-03-31 11:39:14 -0400","JOMA","University of Florida, Gainesville, FL, US",29.6525,-82.3883,NA,"Butterflies and Moths","https://www.inaturalist.org/observations/26443474","https://static.inaturalist.org/photos/41062658/medium.jpg?1559749335","urban-rural-moths",26443474,"Butterflies and Moths","Insecta",47157,"false",0,0,"Sun Mar 31 2019 11:39:14 GMT-0400 (EDT)","2019-03-31","2019-03-31 15:39:14 UTC","Eastern Time (US & Canada)",65,NA,NA,NA,"false","","",NA,1580944,"2019-06-05 15:41:54 UTC","2019-06-05 19:51:57 UTC","needs_id","CC0",NA,3,"false"
"109","Lepidoptera","2019-03-31 11:35:52 -0400","Joma ","University of Florida, Gainesville, FL, US",29.6525,-82.3883,NA,"Butterflies and Moths","https://www.inaturalist.org/observations/26443414","https://static.inaturalist.org/photos/41062545/medium.jpg?1559749246","urban-rural-moths",26443414,"Butterflies and Moths","Insecta",47157,"false",0,0,"Sun Mar 31 2019 11:35:52 GMT-0400 (EDT)","2019-03-31","2019-03-31 15:35:52 UTC","Eastern Time (US & Canada)",65,NA,NA,NA,"false","","",NA,1580944,"2019-06-05 15:40:11 UTC","2019-06-05 19:53:22 UTC","needs_id","CC0",NA,3,"false"
"110","Hypoprepia","2019-03-31 11:34:33 -0400","JOMA","University of Florida, Gainesville, FL, US",29.6525,-82.3883,NA,"","https://www.inaturalist.org/observations/26443236","https://static.inaturalist.org/photos/41062205/medium.jpg?1559748969","urban-rural-moths",26443236,"Hypoprepia","Insecta",119954,"false",0,0,"Sun Mar 31 2019 11:34:33 GMT-0400 (EDT)","2019-03-31","2019-03-31 15:34:33 UTC","Eastern Time (US & Canada)",65,NA,NA,NA,"false","","",NA,1580944,"2019-06-05 15:35:51 UTC","2019-06-05 20:00:23 UTC","needs_id","CC0",NA,3,"false"
"111","Lepidoptera","2019-04-21 11:10:58 -0400","JOMA","University of Florida, Gainesville, FL, US",29.6525,-82.3883,NA,"Butterflies and Moths","https://www.inaturalist.org/observations/26442267","https://static.inaturalist.org/photos/41060408/medium.jpg?1559747603","urban-rural-moths",26442267,"Butterflies and Moths","Insecta",47157,"false",0,0,"Sun Apr 21 2019 11:10:58 GMT-0400 (EDT)","2019-04-21","2019-04-21 15:10:58 UTC","Eastern Time (US & Canada)",65,NA,NA,NA,"false","","",NA,1580944,"2019-06-05 15:13:05 UTC","2019-06-05 19:52:21 UTC","needs_id","CC0",NA,3,"false"
"112","Lepidoptera","2019-04-21 11:06:35 -0400","JOMA","University of Florida, Gainesville, FL, US",29.6525,-82.3883,NA,"Butterflies and Moths","https://www.inaturalist.org/observations/26441895","https://static.inaturalist.org/photos/41059890/medium.jpg?1559747234","urban-rural-moths",26441895,"Butterflies and Moths","Insecta",47157,"false",0,0,"Sun Apr 21 2019 11:06:35 GMT-0400 (EDT)","2019-04-21","2019-04-21 15:06:35 UTC","Eastern Time (US & Canada)",65,NA,NA,NA,"false","","",NA,1580944,"2019-06-05 15:06:59 UTC","2019-06-05 19:59:57 UTC","needs_id","CC0",NA,3,"false"
"113","Hypoprepia fucosa","2019-04-21 10:56:29 -0400","JOMA","University of Florida, Gainesville, FL, US",29.6525,-82.3883,NA,"Painted Lichen Moth","https://www.inaturalist.org/observations/26441515","https://static.inaturalist.org/photos/41059371/medium.jpg?1559746782","urban-rural-moths",26441515,"Painted Lichen Moth","Insecta",119953,"false",1,0,"Sun Apr 21 2019 10:56:29 GMT-0400 (EDT)","2019-04-21","2019-04-21 14:56:29 UTC","Eastern Time (US & Canada)",65,NA,NA,NA,"false","","",NA,1580944,"2019-06-05 14:59:24 UTC","2019-06-12 13:56:55 UTC","needs_id","CC0",NA,3,"false"
"114","Diacme adipaloides","2019-04-21 10:41:18 -0400","JOMA","University of Florida, Gainesville, FL, US",29.6525,-82.3883,NA,"Darker Diacme Moth","https://www.inaturalist.org/observations/26440881","https://static.inaturalist.org/photos/41058309/medium.jpg?1559745987","urban-rural-moths",26440881,"Darker Diacme Moth","Insecta",205207,"false",1,0,"Sun Apr 21 2019 10:41:18 GMT-0400 (EDT)","2019-04-21","2019-04-21 14:41:18 UTC","Eastern Time (US & Canada)",65,NA,NA,NA,"false","","",NA,1580944,"2019-06-05 14:46:20 UTC","2019-06-06 02:37:17 UTC","needs_id","CC0",NA,3,"false"
"115","Lepidoptera","2019-04-21 10:31:45 -0400","JOMA
","University of Florida, Gainesville, FL, US",29.6525,-82.3883,NA,"Butterflies and Moths","https://www.inaturalist.org/observations/26440391","https://static.inaturalist.org/photos/41057540/medium.jpg?1559745335","urban-rural-moths",26440391,"Butterflies and Moths","Insecta",47157,"false",0,0,"Sun Apr 21 2019 10:31:45 GMT-0400 (EDT)","2019-04-21","2019-04-21 14:31:45 UTC","Eastern Time (US & Canada)",65,NA,NA,NA,"false","","",NA,1580944,"2019-06-05 14:35:22 UTC","2019-06-05 19:57:01 UTC","needs_id","CC0",NA,3,"false"
"116","Lepidoptera","2019-04-21 10:19:59 -0400","JOMA","University of Florida, Gainesville, FL, US",29.6525,-82.3883,NA,"Butterflies and Moths","https://www.inaturalist.org/observations/26439920","https://static.inaturalist.org/photos/41056821/medium.jpg?1559744732","urban-rural-moths",26439920,"Butterflies and Moths","Insecta",47157,"false",0,0,"Sun Apr 21 2019 10:19:59 GMT-0400 (EDT)","2019-04-21","2019-04-21 14:19:59 UTC","Eastern Time (US & Canada)",65,NA,NA,NA,"false","","",NA,1580944,"2019-06-05 14:25:24 UTC","2019-06-05 19:56:30 UTC","needs_id","CC0",NA,3,"false"
"117","Apantesis","2019-04-21 10:07:39 -0400","JOMA","University of Florida, Gainesville, FL, US",29.6525,-82.3883,NA,"","https://www.inaturalist.org/observations/26439123","https://static.inaturalist.org/photos/41055627/medium.jpg?1559743826","urban-rural-moths",26439123,"Apantesis","Insecta",119861,"false",0,0,"Sun Apr 21 2019 10:07:39 GMT-0400 (EDT)","2019-04-21","2019-04-21 14:07:39 UTC","Eastern Time (US & Canada)",65,NA,NA,NA,"false","","",NA,1580944,"2019-06-05 14:10:09 UTC","2019-06-05 19:55:46 UTC","needs_id","CC0",NA,3,"false"
"118","Lepidoptera","2019-04-28 17:16:11 -0400","DEMI 4/28/19","Devil's Millhopper",29.7041,-82.3945,NA,"Butterflies and Moths","https://www.inaturalist.org/observations/25639182","https://static.inaturalist.org/photos/39733841/medium.jpeg?1558646322","urban-rural-moths",25639182,"Butterflies and Moths","Insecta",47157,"false",0,0,"2019-04-28 5:16:11 PM EDT","2019-04-28","2019-04-28 21:16:11 UTC","Eastern Time (US & Canada)",28,NA,NA,NA,"false","","",NA,1580944,"2019-05-23 21:18:38 UTC","2019-05-23 23:56:37 UTC","needs_id","CC0",NA,2,"false"
"119","Notodontidae","2019-04-28 17:07:28 -0400","DEMI 4/28/19","Devil's Millhopper",29.7041,-82.3945,NA,"Prominent Moths","https://www.inaturalist.org/observations/25638789","https://static.inaturalist.org/photos/39733149/medium.jpeg?1558645859","urban-rural-moths",25638789,"Prominent Moths","Insecta",47718,"false",1,0,"2019-04-28 5:07:28 PM EDT","2019-04-28","2019-04-28 21:07:28 UTC","Eastern Time (US & Canada)",23,NA,NA,NA,"false","","",NA,1580944,"2019-05-23 21:10:55 UTC","2019-05-24 02:01:52 UTC","needs_id","CC0",NA,2,"false"
"120","Lepidoptera","2019-04-28 16:57:47 -0400","DEMI 4/28/19","Devil's Millhopper",29.7041,-82.3945,NA,"Butterflies and Moths","https://www.inaturalist.org/observations/25638132","https://static.inaturalist.org/photos/39732182/medium.jpeg?1558645228","urban-rural-moths",25638132,"Butterflies and Moths","Insecta",47157,"false",0,0,"2019-04-28 4:57:47 PM EDT","2019-04-28","2019-04-28 20:57:47 UTC","Eastern Time (US & Canada)",22,NA,NA,NA,"false","","",NA,1580944,"2019-05-23 21:00:24 UTC","2019-05-23 23:56:51 UTC","needs_id","CC0",NA,2,"false"
"121","Ilexia intractata","2019-03-16 16:52:56 -0400","PRCR 3/16/19 1/2","Prairie Creek",29.6042,-82.2404,NA,"Black-dotted Ruddy Moth","https://www.inaturalist.org/observations/25637920","https://static.inaturalist.org/photos/39731818/medium.jpg?1558644980","urban-rural-moths",25637920,"Black-dotted Ruddy Moth","Insecta",203052,"false",0,0,"Sat Mar 16 2019 16:52:56 GMT-0400 (EDT)","2019-03-16","2019-03-16 20:52:56 UTC","Eastern Time (US & Canada)",65,NA,NA,NA,"false","","",NA,1580944,"2019-05-23 20:56:09 UTC","2019-05-23 23:56:56 UTC","needs_id","CC0",NA,3,"false"
"122","Noctuoidea","2019-04-28 16:43:39 -0400","DEMI 4/28/19","Devil's Millhopper",29.7041,-82.3945,NA,"Owlet Moths and Allies","https://www.inaturalist.org/observations/25637563","https://static.inaturalist.org/photos/39731148/medium.jpeg?1558644528","urban-rural-moths",25637563,"Owlet Moths and Allies","Insecta",47607,"false",2,0,"2019-04-28 4:43:39 PM EDT","2019-04-28","2019-04-28 20:43:39 UTC","Eastern Time (US & Canada)",42,NA,NA,NA,"false","","",NA,1580944,"2019-05-23 20:48:45 UTC","2019-05-24 02:05:52 UTC","needs_id","CC0",NA,2,"false"
"123","Apantesis","2019-03-16 16:41:30 -0400","PRCR 3/16/19 1/2","Prairie Creek",29.6042,-82.2404,NA,"","https://www.inaturalist.org/observations/25637320","https://static.inaturalist.org/photos/39730753/medium.jpg?1558644222","urban-rural-moths",25637320,"Apantesis","Insecta",119861,"false",0,0,"Sat Mar 16 2019 16:41:30 GMT-0400 (EDT)","2019-03-16","2019-03-16 20:41:30 UTC","Eastern Time (US & Canada)",65,NA,NA,NA,"false","","",NA,1580944,"2019-05-23 20:43:29 UTC","2019-05-23 23:57:07 UTC","needs_id","CC0",NA,3,"false"
"124","Apantesis","2019-03-16 16:38:31 -0400","PRCR 3/16/19 1/2","Prairie Creek",29.6042,-82.2404,NA,"","https://www.inaturalist.org/observations/25637229","https://static.inaturalist.org/photos/39730561/medium.jpg?1558644067","urban-rural-moths",25637229,"Apantesis","Insecta",119861,"false",0,0,"Sat Mar 16 2019 16:38:31 GMT-0400 (EDT)","2019-03-16","2019-03-16 20:38:31 UTC","Eastern Time (US & Canada)",65,NA,NA,NA,"false","","",NA,1580944,"2019-05-23 20:41:05 UTC","2019-05-23 23:58:16 UTC","needs_id","CC0",NA,3,"false"
"125","Lepidoptera","2019-04-28 16:34:10 -0400","DEMI 4/28/19","Devil's Millhopper",29.7041,-82.3945,NA,"Butterflies and Moths","https://www.inaturalist.org/observations/25637203","https://static.inaturalist.org/photos/39730514/medium.jpeg?1558644021","urban-rural-moths",25637203,"Butterflies and Moths","Insecta",47157,"false",0,0,"2019-04-28 4:34:10 PM EDT","2019-04-28","2019-04-28 20:34:10 UTC","Eastern Time (US & Canada)",39,NA,NA,NA,"false","","",NA,1580944,"2019-05-23 20:40:18 UTC","2019-05-23 23:58:23 UTC","needs_id","CC0",NA,2,"false"
"126","Apantesis nais","2019-03-16 16:34:55 -0400","PRCR 3/16/19 1/2","Prairie Creek",29.6042,-82.2404,NA,"Nais Tiger Moth","https://www.inaturalist.org/observations/25637058","https://static.inaturalist.org/photos/39730250/medium.jpg?1558643792","urban-rural-moths",25637058,"Butterflies and Moths","Insecta",196742,"false",1,0,"Sat Mar 16 2019 16:34:55 GMT-0400 (EDT)","2019-03-16","2019-03-16 20:34:55 UTC","Eastern Time (US & Canada)",65,NA,NA,NA,"false","","",NA,1580944,"2019-05-23 20:36:29 UTC","2019-05-23 23:58:25 UTC","needs_id","CC0",NA,3,"false"
"127","Lepidoptera","2019-04-28 16:26:05 -0400","DEMI 4/28/19","Devil's Millhopper",29.7041,-82.3945,NA,"Butterflies and Moths","https://www.inaturalist.org/observations/25636952","https://static.inaturalist.org/photos/39730038/medium.jpeg?1558643627","urban-rural-moths",25636952,"Butterflies and Moths","Insecta",47157,"false",0,0,"2019-04-28 4:26:05 PM EDT","2019-04-28","2019-04-28 20:26:05 UTC","Eastern Time (US & Canada)",48,NA,NA,NA,"false","","",NA,1580944,"2019-05-23 20:33:45 UTC","2019-05-23 23:58:35 UTC","needs_id","CC0",NA,2,"false"
"128","Apantesis","2019-03-16 16:22:49 -0400","PRCR 3/16/19 1/2","Prairie Creek",29.6042,-82.2404,NA,"","https://www.inaturalist.org/observations/25636463","https://static.inaturalist.org/photos/39729259/medium.jpg?1558643047","urban-rural-moths",25636463,"Apantesis","Insecta",119861,"false",0,0,"Sat Mar 16 2019 16:22:49 GMT-0400 (EDT)","2019-03-16","2019-03-16 20:22:49 UTC","Eastern Time (US & Canada)",65,NA,NA,NA,"false","","",NA,1580944,"2019-05-23 20:24:05 UTC","2019-05-23 23:58:42 UTC","needs_id","CC0",NA,3,"false"
"129","Lepidoptera","2019-04-28 16:17:54 -0400","DEMI 4/28/19","Devil's Millhopper",29.7041,-82.3945,NA,"Butterflies and Moths","https://www.inaturalist.org/observations/25636425","https://static.inaturalist.org/photos/39729177/medium.jpeg?1558642998","urban-rural-moths",25636425,"Butterflies and Moths","Insecta",47157,"false",0,0,"2019-04-28 4:17:54 PM EDT","2019-04-28","2019-04-28 20:17:54 UTC","Eastern Time (US & Canada)",56,NA,NA,NA,"false","","",NA,1580944,"2019-05-23 20:23:16 UTC","2019-05-23 23:58:45 UTC","needs_id","CC0",NA,2,"false"
"130","Apantesis","2019-03-16 16:20:45 -0400","PRCR 3/16/19 1/2","Prairie Creek",29.6042,-82.2404,NA,"","https://www.inaturalist.org/observations/25636342","https://static.inaturalist.org/photos/39729031/medium.jpg?1558642873","urban-rural-moths",25636342,"Apantesis","Insecta",119861,"false",0,0,"Sat Mar 16 2019 16:20:45 GMT-0400 (EDT)","2019-03-16","2019-03-16 20:20:45 UTC","Eastern Time (US & Canada)",65,NA,NA,NA,"false","","",NA,1580944,"2019-05-23 20:21:01 UTC","2019-05-23 23:58:48 UTC","needs_id","CC0",NA,3,"false"
"131","Apantesis","2019-03-16 16:19:39 -0400","PRCR 3/16/19 1/2","Prairie Creek",29.6042,-82.2404,NA,"","https://www.inaturalist.org/observations/25636301","https://static.inaturalist.org/photos/39728959/medium.jpg?1558642822","urban-rural-moths",25636301,"Apantesis","Insecta",119861,"false",0,0,"Sat Mar 16 2019 16:19:39 GMT-0400 (EDT)","2019-03-16","2019-03-16 20:19:39 UTC","Eastern Time (US & Canada)",65,NA,NA,NA,"false","","",NA,1580944,"2019-05-23 20:20:11 UTC","2019-05-24 00:08:22 UTC","needs_id","CC0",NA,3,"false"
"132","Lepidoptera","2019-03-16 16:14:51 -0400","PRCR 3/16/19 1/2","Prairie Creek",29.6042,-82.2404,NA,"Butterflies and Moths","https://www.inaturalist.org/observations/25636165","https://static.inaturalist.org/photos/39728706/medium.jpg?1558642619","urban-rural-moths",25636165,"Butterflies and Moths","Insecta",47157,"false",0,0,"Sat Mar 16 2019 16:14:51 GMT-0400 (EDT)","2019-03-16","2019-03-16 20:14:51 UTC","Eastern Time (US & Canada)",65,NA,NA,NA,"false","","",NA,1580944,"2019-05-23 20:16:55 UTC","2019-05-24 00:08:25 UTC","needs_id","CC0",NA,3,"false"
"133","Erebidae","2019-04-28 16:03:35 -0400","DEMI 4/28/19","Devil's Millhopper",29.7041,-82.3945,NA,"Underwing, Tiger, Tussock, and Allied Moths","https://www.inaturalist.org/observations/25636077","https://static.inaturalist.org/photos/39728567/medium.jpeg?1558642505","urban-rural-moths",25636077,"Underwing, Tiger, Tussock, and Allied Moths","Insecta",121850,"false",0,0,"2019-04-28 4:03:35 PM EDT","2019-04-28","2019-04-28 20:03:35 UTC","Eastern Time (US & Canada)",21,NA,NA,NA,"false","","",NA,1580944,"2019-05-23 20:15:02 UTC","2019-05-24 00:08:27 UTC","needs_id","CC0",NA,2,"false"
"134","Lepidoptera","2019-03-16 16:11:15 -0400","PRCR 3/16/19","Prairie Creek",29.6042,-82.2404,NA,"Butterflies and Moths","https://www.inaturalist.org/observations/25635988","https://static.inaturalist.org/photos/39728484/medium.jpg?1558642435","urban-rural-moths",25635988,"Butterflies and Moths","Insecta",47157,"false",0,0,"Sat Mar 16 2019 16:11:15 GMT-0400 (EDT)","2019-03-16","2019-03-16 20:11:15 UTC","Eastern Time (US & Canada)",65,NA,NA,NA,"false","","",NA,1580944,"2019-05-23 20:13:39 UTC","2019-05-24 00:08:29 UTC","needs_id","CC0",NA,3,"false"
"135","Lepidoptera","2019-03-16 16:08:39 -0400","PRCR 3/16/19 1/2","Prairie Creek",29.6042,-82.2404,NA,"Butterflies and Moths","https://www.inaturalist.org/observations/25635726","https://static.inaturalist.org/photos/39728188/medium.jpg?1558642230","urban-rural-moths",25635726,"Butterflies and Moths","Insecta",47157,"false",0,0,"Sat Mar 16 2019 16:08:39 GMT-0400 (EDT)","2019-03-16","2019-03-16 20:08:39 UTC","Eastern Time (US & Canada)",65,NA,NA,NA,"false","","",NA,1580944,"2019-05-23 20:10:09 UTC","2019-05-24 00:08:32 UTC","needs_id","CC0",NA,3,"false"
"136","Lepidoptera","2019-03-16 16:05:08 -0400","PRCR 3/16/19 1/2","Prairie Creek",29.6042,-82.2404,NA,"Butterflies and Moths","https://www.inaturalist.org/observations/25635579","https://static.inaturalist.org/photos/39727878/medium.jpg?1558642030","urban-rural-moths",25635579,"Butterflies and Moths","Insecta",47157,"false",0,0,"Sat Mar 16 2019 16:05:08 GMT-0400 (EDT)","2019-03-16","2019-03-16 20:05:08 UTC","Eastern Time (US & Canada)",65,NA,NA,NA,"false","","",NA,1580944,"2019-05-23 20:07:06 UTC","2019-05-24 00:08:36 UTC","needs_id","CC0",NA,3,"false"
"137","Lepidoptera","2019-04-28 15:54:12 -0400","DEMI 4/28/19","Devil's Millhopper",29.7041,-82.3945,NA,"Butterflies and Moths","https://www.inaturalist.org/observations/25635319","https://static.inaturalist.org/photos/39727435/medium.jpeg?1558641796","urban-rural-moths",25635319,"Butterflies and Moths","Insecta",47157,"false",0,0,"2019-04-28 3:54:12 PM EDT","2019-04-28","2019-04-28 19:54:12 UTC","Eastern Time (US & Canada)",22,NA,NA,NA,"false","","",NA,1580944,"2019-05-23 20:03:12 UTC","2019-05-24 00:08:39 UTC","needs_id","CC0",NA,2,"false"
"138","Lepidoptera","2019-03-16 15:59:19 -0400","PRCR 3/16/19 1/2","Prairie Creek",29.6042,-82.2404,NA,"Butterflies and Moths","https://www.inaturalist.org/observations/25635315","https://static.inaturalist.org/photos/39727444/medium.jpg?1558641801","urban-rural-moths",25635315,"Butterflies and Moths","Insecta",47157,"false",0,0,"Sat Mar 16 2019 15:59:19 GMT-0400 (EDT)","2019-03-16","2019-03-16 19:59:19 UTC","Eastern Time (US & Canada)",65,NA,NA,NA,"false","","",NA,1580944,"2019-05-23 20:03:08 UTC","2019-05-24 00:08:41 UTC","needs_id","CC0",NA,3,"false"
"139","Lepidoptera","2019-03-16 15:55:14 -0400","PRCR 3/16/19 1/2","Prairie Creek",29.6042,-82.2404,NA,"Butterflies and Moths","https://www.inaturalist.org/observations/25634962","https://static.inaturalist.org/photos/39726819/medium.jpg?1558641459","urban-rural-moths",25634962,"Butterflies and Moths","Insecta",47157,"false",0,0,"Sat Mar 16 2019 15:55:14 GMT-0400 (EDT)","2019-03-16","2019-03-16 19:55:14 UTC","Eastern Time (US & Canada)",65,NA,NA,NA,"false","","",NA,1580944,"2019-05-23 19:57:35 UTC","2019-05-24 00:08:44 UTC","needs_id","CC0",NA,3,"false"
"140","Lepidoptera","2019-04-28 15:46:42 -0400","DEMI 4/28/19","Devil's Millhopper",29.7041,-82.3945,NA,"Butterflies and Moths","https://www.inaturalist.org/observations/25634692","https://static.inaturalist.org/photos/39726315/medium.jpeg?1558641120","urban-rural-moths",25634692,"Butterflies and Moths","Insecta",47157,"false",0,0,"2019-04-28 3:46:42 PM EDT","2019-04-28","2019-04-28 19:46:42 UTC","Eastern Time (US & Canada)",26,NA,NA,NA,"false","","",NA,1580944,"2019-05-23 19:51:56 UTC","2019-05-24 00:08:48 UTC","needs_id","CC0",NA,2,"false"
"141","Lepidoptera","2019-03-16 15:40:44 -0400","PRCR 3/16/19 1/2","Prairie Creek",29.6042,-82.2404,NA,"Butterflies and Moths","https://www.inaturalist.org/observations/25634309","https://static.inaturalist.org/photos/39725919/medium.jpg?1558640821","urban-rural-moths",25634309,"Butterflies and Moths","Insecta",47157,"false",0,0,"Sat Mar 16 2019 15:40:44 GMT-0400 (EDT)","2019-03-16","2019-03-16 19:40:44 UTC","Eastern Time (US & Canada)",65,NA,NA,NA,"false","","",NA,1580944,"2019-05-23 19:46:29 UTC","2019-05-24 00:08:50 UTC","needs_id","CC0",NA,3,"false"
"142","Crambidae","2019-04-28 15:40:18 -0400","DEMI 4/28/19","Devil's Millhopper",29.7041,-82.3945,NA,"Crambid Snout Moths","https://www.inaturalist.org/observations/25634237","https://static.inaturalist.org/photos/39725739/medium.jpeg?1558640700","urban-rural-moths",25634237,"Crambid Snout Moths","Insecta",52002,"false",0,0,"2019-04-28 3:40:18 PM EDT","2019-04-28","2019-04-28 19:40:18 UTC","Eastern Time (US & Canada)",23,NA,NA,NA,"false","","",NA,1580944,"2019-05-23 19:44:57 UTC","2019-05-24 00:08:54 UTC","needs_id","CC0",NA,2,"false"
"143","Lepidoptera","2019-04-28 15:33:58 -0400","4/28/19 DEMI","Gainesville, FL 32608, USA",29.7041,-82.3945,NA,"Butterflies and Moths","https://www.inaturalist.org/observations/25633843","https://static.inaturalist.org/photos/39725113/medium.jpeg?1558640279","urban-rural-moths",25633843,"Butterflies and Moths","Insecta",47157,"false",0,0,"2019-04-28 3:33:58 PM EDT","2019-04-28","2019-04-28 19:33:58 UTC","Eastern Time (US & Canada)",22,NA,NA,NA,"false","","",NA,1580944,"2019-05-23 19:37:55 UTC","2019-05-24 00:08:56 UTC","needs_id","CC0",NA,2,"false"
"144","Geometridae","2019-04-28 14:37:23 -0400","BACA 4/28/19","Gainesville, FL 32608, USA",29.6427,-82.3452,NA,"Geometer Moths","https://www.inaturalist.org/observations/25631246","https://static.inaturalist.org/photos/39720832/medium.jpeg?1558637517","urban-rural-moths",25631246,"Geometer Moths","Insecta",49530,"false",0,0,"2019-04-28 2:37:23 PM EDT","2019-04-28","2019-04-28 18:37:23 UTC","Eastern Time (US & Canada)",30,NA,NA,NA,"false","","",NA,1580944,"2019-05-23 18:51:53 UTC","2019-05-24 00:09:01 UTC","needs_id","CC0",NA,2,"false"
"145","Ilexia intractata","2019-03-10 14:35:20 -0400","JOMA 3/10/19","Gainesville",29.6525,-82.3883,NA,"Black-dotted Ruddy Moth","https://www.inaturalist.org/observations/25630540","https://static.inaturalist.org/photos/39719642/medium.jpg?1558636794","urban-rural-moths",25630540,"Black-dotted Ruddy Moth","Insecta",203052,"false",0,0,"Sun Mar 10 2019 14:35:20 GMT-0400 (EDT)","2019-03-10","2019-03-10 18:35:20 UTC","Eastern Time (US & Canada)",65,NA,NA,NA,"false","","",NA,1580944,"2019-05-23 18:39:45 UTC","2019-05-24 00:09:05 UTC","needs_id","CC0",NA,3,"false"
"146","Cosmosoma myrodora","2019-04-28 14:33:14 -0400","BACA 4/28/19","Gainesville, FL 32608, USA",29.6427,-82.3452,NA,"Scarlet-bodied Wasp Moth","https://www.inaturalist.org/observations/25630260","https://static.inaturalist.org/photos/39719240/medium.jpeg?1558636556","urban-rural-moths",25630260,"Scarlet-bodied Wasp Moth","Insecta",217647,"false",1,0,"2019-04-28 2:33:14 PM EDT","2019-04-28","2019-04-28 18:33:14 UTC","Eastern Time (US & Canada)",36,NA,NA,NA,"false","","",NA,1580944,"2019-05-23 18:35:53 UTC","2019-05-24 14:25:40 UTC","research","CC0",NA,2,"false"
"147","Ilexia intractata","2019-04-28 14:25:01 -0400","BACA 4/28/19","Alachua County, US-FL, US",29.6427,-82.3452,NA,"Black-dotted Ruddy Moth","https://www.inaturalist.org/observations/25630020","https://static.inaturalist.org/photos/39718875/medium.jpeg?1558636312","urban-rural-moths",25630020,"Black-dotted Ruddy Moth","Insecta",203052,"false",0,0,"2019-04-28 2:25:01 PM EDT","2019-04-28","2019-04-28 18:25:01 UTC","Eastern Time (US & Canada)",23,NA,NA,NA,"false","","",NA,1580944,"2019-05-23 18:31:48 UTC","2019-05-24 00:09:06 UTC","needs_id","CC0",NA,2,"false"
"148","Halysidota","2019-03-31 11:26:22 -0400","JOMA","University of Florida, Gainesville, FL, US",29.6345147176,-82.3662419536,NA,"","https://www.inaturalist.org/observations/26442960","https://static.inaturalist.org/photos/41061546/medium.jpg?1559748534","kaushik2",26442960,"Halysidota","Insecta",120218,"false",1,0,"Sun Mar 31 2019 11:26:22 GMT-0400 (EDT)","2019-03-31","2019-03-31 15:26:22 UTC","Eastern Time (US & Canada)",65,NA,NA,NA,"false",NA,NA,NA,1830592,"2019-06-05 15:28:49 UTC","2019-06-06 13:32:33 UTC","needs_id",NA,NA,3,"false"
"149","Lepidoptera","2019-04-14 10:35:51 -0400","BACA","University of Florida, Gainesville, FL, US",29.6345118033,-82.3662334472,NA,"Butterflies and Moths","https://www.inaturalist.org/observations/26440542","https://static.inaturalist.org/photos/41057795/medium.jpg?1559745549","kaushik2",26440542,"","Insecta",47157,"false",0,0,"Sun Apr 14 2019 10:35:51 GMT-0400 (EDT)","2019-04-14","2019-04-14 14:35:51 UTC","Eastern Time (US & Canada)",65,NA,NA,NA,"false",NA,NA,NA,1830592,"2019-06-05 14:38:43 UTC","2019-06-05 14:39:22 UTC","needs_id",NA,NA,3,"false"
"150","Lepidoptera","2019-04-14 14:31:35 -0400","BACA ","University of Florida, Gainesville, FL, US",29.6349341829,-82.3665011393,NA,"Butterflies and Moths","https://www.inaturalist.org/observations/26440285","https://static.inaturalist.org/photos/41057434/medium.jpg?1559745225","kaushik2",26440285,"","Insecta",47157,"false",0,0,"Sun Apr 14 2019 14:31:35 GMT-0400 (EDT)","2019-04-14","2019-04-14 18:31:35 UTC","Eastern Time (US & Canada)",65,NA,NA,NA,"false",NA,NA,NA,1830592,"2019-06-05 14:33:43 UTC","2019-06-05 14:34:32 UTC","needs_id",NA,NA,3,"false"
