Date,Site,Trap,Mass,Notes,QA/QC
3/3/2019,AUCA,1,0.002,,
3/3/2019,AUCA,2,0,,
3/3/2019,AUCA,4,0.057,,
3/3/2019,AUCA,5,0.002,,
3/3/2019,AUCA,6,0.011,,
3/3/2019,BACA,1,0.002,resembles snail poop; may not be frass,pass
3/3/2019,BACA,2,0.011,,
3/3/2019,BACA,3,0.002,,
3/3/2019,BACA,4,0.02,,
3/3/2019,BACA,5,0.007,,
3/3/2019,BACA,6,0.084,,
3/3/2019,BIVA,1,0.008,,
3/3/2019,BIVA,2,0,looks like dirt and sand rather than frass,"fall, removed mass"
3/3/2019,BIVA,3,0.01,,
3/3/2019,BIVA,4,0.011,,
3/3/2019,BIVA,5,0.005,,
3/3/2019,BIVA,6,0.007,,
3/3/2019,BOWA,1,0.003,,
3/3/2019,BOWA,2,0.004,,
3/3/2019,BOWA,3,0.007,,
3/3/2019,BOWA,5,0.005,,
3/3/2019,BOWA,6,0.008,,
3/3/2019,COFR,1,0.007,,
3/3/2019,COFR,2,0.01,,
3/3/2019,COFR,3,0.002,,
3/3/2019,COFR,4,0.001,,
3/3/2019,COFR,5,0.003,,
3/3/2019,COFR,6,0.001,,
3/3/2019,JOMA,1,0.001,,
3/3/2019,JOMA,2,0,,
3/3/2019,JOMA,3,0.003,,
3/3/2019,JOMA,4,0.001,,
3/3/2019,JOMA,5,0.005,,
3/3/2019,JOMA,6,0,,
3/10/2019,AUCA,1,0,,
3/10/2019,AUCA,2,0.005,,
3/10/2019,AUCA,3,0,,
3/10/2019,AUCA,4,0.006,,
3/10/2019,AUCA,5,0,,
3/10/2019,AUCA,6,0.03,,
3/10/2019,AUCA,2,0,,
3/10/2019,BACA,1,0.001,,
3/10/2019,BACA,3,0.001,,
3/10/2019,BACA,5,0.003,,
3/10/2019,BACA,6,0.008,,
3/10/2019,BIVA,1,0.006,,
3/10/2019,BIVA,2,0.007,,
3/10/2019,BIVA,3,0.001,,
3/10/2019,BIVA,4,0.005,,
3/10/2019,BOWA,1,0.01,,
3/10/2019,BOWA,2,0.024,,
3/10/2019,BOWA,3,0.004,,
3/10/2019,BOWA,4,0.019,,
3/10/2019,BOWA,5,0.023,,
3/10/2019,BOWA,6,0.032,,
3/10/2019,COFR,1,0.018,,
3/10/2019,COFR,2,0.054,,
3/10/2019,COFR,3,0.003,,
3/10/2019,COFR,4,0.012,,
3/10/2019,COFR,5,0.008,,
3/10/2019,COFR,6,0.006,,
3/10/2019,JOMA,1,0.013,,
3/10/2019,JOMA,2,0.006,,
3/10/2019,JOMA,3,0.011,,
3/10/2019,JOMA,4,0.008,,
3/10/2019,JOMA,5,0.02,,
3/10/2019,JOMA,6,0.005,,
3/10/2019,PRCR,1,0.007,,
3/10/2019,PRCR,2,0.034,,
3/10/2019,PRCR,4,0.016,,
3/10/2019,PRCR,5,0.001,,
3/10/2019,PRCR,6,0.006,,
3/10/2019,RIST,2,0.009,,
3/10/2019,RIST,4,0.011,,
3/10/2019,RIST,5,0.013,,
3/10/2019,RIST,6,0.027,,
3/10/2019,RIST,1,0,,
3/10/2019,RIST,3,0,,
3/16/2019,AUCA,1,0.01,,
3/16/2019,AUCA,2,0.001,,
3/16/2019,AUCA,3,0.013,,
3/16/2019,AUCA,4,0.007,,
3/16/2019,AUCA,5,0.023,,
3/16/2019,AUCA,6,0.151,,
3/18/2019,BACA,3,0.024,contains poop that may not be frass,removed one piece; changed mass
3/18/2019,BACA,4,0.055,,
3/18/2019,BACA,5,0.004,,
3/18/2019,BACA,6,0.142,,
3/16/2019,BIVA,1,0.014,,
3/16/2019,BIVA,2,0.011,,
3/16/2019,BIVA,3,0.014,,
3/16/2019,BIVA,4,0.011,,
3/16/2019,BIVA,5,0.034,,
3/16/2019,BIVA,6,0.018,,
3/16/2019,BOWA,1,0.068,,
3/16/2019,BOWA,2,0.0136,,
3/16/2019,BOWA,3,0.098,,
3/16/2019,BOWA,4,0.008,,
3/16/2019,BOWA,5,0.083,,
3/16/2019,BOWA,6,0.049,,
3/16/2019,COFR,1,0.014,,
3/16/2019,COFR,2,0.025,,
3/16/2019,COFR,3,0.012,,
3/16/2019,COFR,4,0.115,,
3/16/2019,COFR,5,0.001,,
3/16/2019,COFR,6,0.061,,
3/16/2019,JOMA,1,0.035,,
3/16/2019,JOMA,2,0.162,,
3/16/2019,JOMA,3,0.037,,
3/16/2019,JOMA,4,0.067,,
3/16/2019,JOMA,5,0.078,,
3/16/2019,JOMA,6,0.026,,
3/16/2019,PRCR,1,0.016,,
3/16/2019,PRCR,2,0.021,,
3/16/2019,PRCR,3,0.007,,
3/16/2019,PRCR,4,0.04,,
3/16/2019,PRCR,5,0.01,,
3/16/2019,PRCR,6,0.047,,
3/16/2019,RIST,1,0,,
3/16/2019,RIST,2,0.016,,
3/16/2019,RIST,3,0.007,,
3/16/2019,RIST,4,0.07,,
3/16/2019,RIST,5,0.009,,
3/16/2019,RIST,6,0,,
3/24/2019,AUCA,1,0.02,,
3/24/2019,AUCA,3,0.004,,
3/24/2019,AUCA,4,0,,
3/24/2019,AUCA,5,0.044,,
3/24/2019,AUCA,6,0.026,,
3/24/2019,BACA,1,0.007,,
3/24/2019,BACA,2,0.02,,
3/24/2019,BACA,3,0.027,,
3/24/2019,BACA,4,0.129,,
3/24/2019,BACA,5,0.015,,
3/24/2019,BACA,6,0.037,,
3/24/2019,BIVA,1,0.09,,
3/24/2019,BIVA,2,0.006,,
3/24/2019,BIVA,3,0.049,,
3/24/2019,BIVA,4,0.018,,
3/24/2019,BIVA,5,0.041,,
3/24/2019,BIVA,6,0.023,,
3/24/2019,BOWA,1,0.068,,
3/24/2019,BOWA,2,0.334,,
3/24/2019,BOWA,3,0.047,,
3/24/2019,BOWA,4,0.062,,
3/24/2019,BOWA,5,0.143,,
3/24/2019,BOWA,6,0.072,,
3/24/2019,COFR,1,0.031,,
3/24/2019,COFR,2,0.008,,
3/24/2019,COFR,3,0.035,,
3/24/2019,COFR,4,0.094,,
3/24/2019,COFR,5,0.005,,
3/24/2019,COFR,6,0.023,,
3/24/2019,DEMI,1,0.002,,
3/24/2019,DEMI,2,0.056,,
3/24/2019,DEMI,3,0.017,,
3/24/2019,DEMI,4,0.07,,
3/24/2019,DEMI,5,0.063,,
3/24/2019,DEMI,6,0.052,,
3/24/2019,JOMA,2,0.129,,
3/24/2019,JOMA,3,0.047,,
3/24/2019,JOMA,4,0.17,,
3/24/2019,JOMA,5,0.019,,
3/24/2019,JOMA,6,0.034,,
3/24/2019,PRCR,1,0.028,,
3/24/2019,PRCR,2,0.04,,
3/24/2019,PRCR,3,0.009,contains poop that may not be frass,pass
3/24/2019,PRCR,4,0.023,,
3/24/2019,PRCR,5,0.04,,
3/24/2019,PRCR,6,0.04,,
3/24/2019,RIST,2,0.031,,
3/24/2019,RIST,3,0.002,,
3/24/2019,RIST,4,0.13,,
3/24/2019,RIST,5,0.008,,
3/24/2019,RIST,6,0.004,,
3/31/2019,AUCA,1,0.022,,
3/31/2019,AUCA,2,0.012,,
3/31/2019,AUCA,3,0.005,,
3/31/2019,AUCA,4,0.013,,
3/31/2019,AUCA,5,0.035,,
3/31/2019,AUCA,6,0.097,,
3/31/2019,BACA,1,0.01,,
3/31/2019,BACA,2,0.053,,
3/31/2019,BACA,3,0.148,,
3/31/2019,BACA,4,0.203,,
3/31/2019,BACA,5,0.017,,
3/31/2019,BACA,6,0.052,,
3/31/2019,BIVA,1,0.123,,
3/31/2019,BIVA,2,0.019,,
3/31/2019,BIVA,3,0.114,,
3/31/2019,BIVA,4,0.044,,
3/31/2019,BIVA,5,0.078,,
3/31/2019,BIVA,6,0.032,,
3/31/2019,BOWA,1,0.234,,
3/31/2019,BOWA,2,0.37,,
3/31/2019,BOWA,3,0.037,,
3/31/2019,BOWA,4,0.193,,
3/31/2019,BOWA,5,0.054,,
3/31/2019,BOWA,6,0.051,,
3/31/2019,COFR,1,0.085,,
3/31/2019,COFR,2,0.006,,
3/31/2019,COFR,3,0.031,,
3/31/2019,COFR,5,0,,
3/31/2019,COFR,4,0.092,,
3/31/2019,COFR,6,0.032,,
3/31/2019,DEMI,1,0.009,,
3/31/2019,DEMI,2,0.05,,
3/31/2019,DEMI,3,0.02,,
3/31/2019,DEMI,4,0.064,,
3/31/2019,DEMI,5,0.159,,
3/31/2019,DEMI,6,0.062,,
3/31/2019,JOMA,1,0.046,,
3/31/2019,JOMA,2,0.166,,
3/31/2019,JOMA,3,0.126,,
3/31/2019,JOMA,4,0.14,,
3/31/2019,JOMA,5,0.054,,
3/31/2019,JOMA,6,0.075,,
3/31/2019,PRCR,1,0.069,,
3/31/2019,PRCR,2,0.027,,
3/31/2019,PRCR,3,0.001,,
3/31/2019,PRCR,4,0.035,,
3/31/2019,PRCR,5,0.042,,
3/31/2019,PRCR,6,0.081,,
3/31/2019,RIST,1,0.002,,
3/31/2019,RIST,2,0.054,,
3/31/2019,RIST,3,0.036,,
3/31/2019,RIST,4,0.014,,
3/31/2019,RIST,5,0.023,,
3/31/2019,RIST,6,0.005,,
4/7/2019,AUCA,1,0.04,,
4/7/2019,AUCA,2,0.03,,
4/7/2019,AUCA,3,0.019,,
4/7/2019,AUCA,4,0.076,,
4/7/2019,AUCA,5,0.035,,
4/7/2019,AUCA,6,0.153,,
4/7/2019,BACA,1,0.089,,
4/7/2019,BACA,2,0.031,,
4/7/2019,BACA,3,0.009,,
4/7/2019,BACA,4,0.226,,
4/7/2019,BACA,5,0.023,,
4/7/2019,BACA,6,0.087,,
4/7/2019,BIVA,1,0.097,,
4/7/2019,BIVA,2,0.033,,
4/7/2019,BIVA,3,0.102,,
4/7/2019,BIVA,4,0.143,,
4/7/2019,BIVA,5,0.11,,
4/7/2019,BIVA,6,0.095,,
4/7/2019,BOWA,1,0.103,,
4/7/2019,BOWA,2,0.358,,
4/7/2019,BOWA,3,0,,
4/7/2019,BOWA,4,0.111,,
4/7/2019,BOWA,5,0.117,,
4/7/2019,BOWA,6,0.094,,
4/7/2019,COFR,1,0.15,,
4/7/2019,COFR,2,0.004,,
4/7/2019,COFR,3,0.027,,
4/7/2019,COFR,4,0.062,,
4/7/2019,COFR,5,0.028,,
4/7/2019,DEMI,1,0.04,,
4/7/2019,DEMI,2,0.047,,
4/7/2019,DEMI,3,0.047,,
4/7/2019,DEMI,4,0.026,,
4/7/2019,DEMI,5,0,,
4/7/2019,DEMI,6,0.125,,
4/7/2019,JOMA,1,0.053,,
4/7/2019,JOMA,2,0.197,,
4/7/2019,JOMA,3,0.087,,
4/7/2019,JOMA,4,0.137,,
4/7/2019,JOMA,5,0.061,,
4/7/2019,JOMA,6,0.031,,
4/7/2019,PRCR,1,0.037,,
4/7/2019,PRCR,2,0.129,,
4/7/2019,PRCR,3,0,,
4/7/2019,PRCR,4,0.018,,
4/7/2019,PRCR,5,0.058,,
4/7/2019,PRCR,6,0.037,,
4/7/2019,RIST,1,0.008,,
4/7/2019,RIST,2,0.028,,
4/7/2019,RIST,3,0.019,,
4/7/2019,RIST,4,0.049,,
4/7/2019,RIST,5,0.023,,
4/7/2019,RIST,6,0.016,,
4/14/2019,AUCA,1,0.044,,
4/14/2019,AUCA,2,0.013,,
4/14/2019,AUCA,3,0.005,,
4/14/2019,AUCA,4,0.009,,
4/14/2019,AUCA,5,0.006,,
4/14/2019,AUCA,6,0.119,,
4/14/2019,BACA,1,0.01,,
4/14/2019,BACA,2,0.024,,
4/14/2019,BACA,3,0.009,,
4/14/2019,BACA,4,0.355,,
4/14/2019,BACA,5,0.011,contains poop that may not be frass,removed one piece; reweighed
4/14/2019,BACA,6,0.094,,
4/14/2019,BIVA,1,0.158,,
4/14/2019,BIVA,2,0.033,,
4/14/2019,BIVA,3,0.262,,
4/14/2019,BIVA,4,0.223,,
4/14/2019,BIVA,5,0.07,,
4/14/2019,BIVA,6,0.114,,
4/14/2019,BOWA,1,0.136,,
4/14/2019,BOWA,2,0.177,,
4/14/2019,BOWA,3,0.048,,
4/14/2019,BOWA,4,0.027,,
4/14/2019,BOWA,5,0.257,,
4/14/2019,BOWA,6,0.093,,
4/14/2019,COFR,1,0.101,,
4/14/2019,COFR,2,0.009,,
4/14/2019,COFR,3,0.052,,
4/14/2019,COFR,4,0.076,,
4/14/2019,COFR,5,0.127,,
4/14/2019,COFR,6,0,,
4/14/2019,DEMI,1,0.062,,
4/14/2019,DEMI,2,0.069,,
4/14/2019,DEMI,3,0.069,,
4/14/2019,DEMI,4,0.117,,
4/14/2019,DEMI,5,0.005,,
4/14/2019,DEMI,6,0.099,,
4/14/2019,JOMA,1,0.083,,
4/14/2019,JOMA,2,0.156,,
4/14/2019,JOMA,3,0.078,,
4/14/2019,JOMA,4,0.096,,
4/14/2019,JOMA,5,0.088,,
4/14/2019,JOMA,6,0.159,,
4/14/2019,PRCR,1,0.124,,
4/14/2019,PRCR,2,0.48,,
4/14/2019,PRCR,3,0.005,,
4/14/2019,PRCR,4,0.029,,
4/14/2019,PRCR,5,0.096,,
4/14/2019,PRCR,6,0.028,,
4/14/2019,RIST,1,0.064,,
4/14/2019,RIST,2,0.107,,
4/14/2019,RIST,3,0.021,,
4/14/2019,RIST,4,0,,
4/14/2019,RIST,5,0.007,,
4/14/2019,RIST,6,0.009,,
4/21/2019,AUCA,1,0.015,,
4/21/2019,AUCA,2,0.006,,
4/21/2019,AUCA,3,0.011,,
4/21/2019,AUCA,4,0.018,,
4/21/2019,AUCA,5,0.005,,
4/21/2019,AUCA,6,0.045,,
4/21/2019,BACA,1,0.016,,
4/21/2019,BACA,2,0.007,,
4/21/2019,BACA,3,0.015,,
4/21/2019,BACA,4,0.136,,
4/21/2019,BACA,5,0.009,,
4/21/2019,BACA,6,0.018,,
4/21/2019,BIVA,1,0.027,,
4/21/2019,BIVA,2,0.035,appears to contain snail poop,pass
4/21/2019,BIVA,3,0.123,,
4/21/2019,BIVA,4,0.083,,
4/21/2019,BIVA,5,0.03,,
4/21/2019,BIVA,6,0.067,,
4/21/2019,BOWA,1,0.063,,
4/21/2019,BOWA,2,0.092,,
4/21/2019,BOWA,3,0,,
4/21/2019,BOWA,4,0.009,,
4/21/2019,BOWA,5,0.023,,
4/21/2019,BOWA,6,0.004,,
4/21/2019,COFR,1,0.092,,
4/21/2019,COFR,2,0.002,,
4/21/2019,COFR,3,0.07,,
4/21/2019,COFR,4,0.097,,
4/21/2019,COFR,5,0.04,,
4/21/2019,COFR,6,0.022,,
4/21/2019,DEMI,1,0.009,,
4/21/2019,DEMI,2,0,,
4/21/2019,DEMI,3,0,,
4/21/2019,DEMI,4,0.024,,
4/21/2019,DEMI,5,0.017,,
4/21/2019,DEMI,6,0.04,,
4/21/2019,JOMA,1,0,,
4/21/2019,JOMA,2,0.016,,
4/21/2019,JOMA,3,0.078,,
4/21/2019,JOMA,4,0.042,,
4/21/2019,JOMA,5,0.075,,
4/21/2019,JOMA,6,0.073,,
4/21/2019,PRCR,1,0.032,,
4/21/2019,PRCR,2,0.041,,
4/21/2019,PRCR,3,0.098,,
4/21/2019,PRCR,4,0.016,,
4/21/2019,PRCR,5,0.026,,
4/21/2019,PRCR,6,0.011,,
4/21/2019,RIST,1,0.01,,
4/21/2019,RIST,2,0,,
4/21/2019,RIST,3,0.008,,
4/21/2019,RIST,4,0,,
4/21/2019,RIST,5,0.022,contains poop that may be from other bug,removed one piece; reweighed
4/21/2019,RIST,6,0.007,,
4/28/2019,AUCA,1,0.031,,
4/28/2019,AUCA,2,0.008,,
4/28/2019,AUCA,3,0.005,,
4/28/2019,AUCA,4,0.004,,
4/28/2019,AUCA,5,0.001,,
4/28/2019,AUCA,6,0.002,,
4/28/2019,BACA,2,0.011,,
4/28/2019,BACA,3,0.097,,
4/28/2019,BACA,4,0,,
4/28/2019,BACA,5,0.005,,
4/28/2019,BACA,6,0.008,,
4/28/2019,BACA,1,0,,
4/28/2019,BIVA,1,0.003,,
4/28/2019,BIVA,2,0.011,,
4/28/2019,BIVA,3,0.001,,
4/28/2019,BIVA,4,0.004,,
4/28/2019,BIVA,5,0.023,contains poop that may be from other bug,removed and reweighed
4/28/2019,BIVA,6,0.012,,
4/28/2019,BOWA,1,0.005,,
4/28/2019,BOWA,2,0.022,,
4/28/2019,BOWA,4,0,,
4/28/2019,BOWA,5,0.008,,
4/28/2019,BOWA,6,0,,
4/28/2019,BOWA,3,0,,
4/28/2019,COFR,1,0.043,,
4/28/2019,COFR,2,0,,
4/28/2019,COFR,3,0.076,,
4/28/2019,COFR,4,0.008,,
4/28/2019,COFR,5,0.014,,
4/28/2019,COFR,6,0.028,,
4/28/2019,DEMI,1,0.006,,
4/28/2019,DEMI,2,0.006,,
4/28/2019,DEMI,3,0.008,,
4/28/2019,DEMI,4,0.011,,
4/28/2019,DEMI,5,0.01,,
4/28/2019,DEMI,6,0.026,,
4/28/2019,JOMA,2,0.02,,
4/28/2019,JOMA,3,0.001,,
4/28/2019,JOMA,5,0.054,,
4/28/2019,JOMA,6,0.015,,
4/28/2019,PRCR,1,0.031,,
4/28/2019,PRCR,2,0.035,,
4/28/2019,PRCR,4,0.022,,
4/28/2019,PRCR,5,0.004,,
4/28/2019,PRCR,6,0,,
4/28/2019,PRCR,3,0,,
4/28/2019,RIST,1,0.008,,
4/28/2019,RIST,3,0.015,,
4/28/2019,RIST,4,0.017,,
4/28/2019,RIST,5,0.024,,
4/28/2019,RIST,6,0.003,,
5/4/2019,AUCA,1,0.009,,
5/4/2019,AUCA,2,0.022,,
5/4/2019,AUCA,3,0.024,,
5/4/2019,AUCA,4,0.01,,
5/4/2019,AUCA,5,0,,
5/4/2019,AUCA,6,0.012,,
5/4/2019,BACA,1,0,,
5/4/2019,BACA,2,0.006,,
5/4/2019,BACA,3,0.589,,
5/4/2019,BACA,4,0.09,,
5/4/2019,BACA,5,0.01,contains poop that may be from other bug,pass
5/4/2019,BACA,6,0.009,,
5/4/2019,BIVA,1,0.01,,
5/4/2019,BIVA,2,0.004,,
5/4/2019,BIVA,3,0.012,,
5/4/2019,BIVA,4,0.006,,
5/4/2019,BIVA,5,0.023,,
5/4/2019,BIVA,6,0.025,,
5/4/2019,BOWA,1,0.005,,
5/4/2019,BOWA,2,0.012,,
5/4/2019,BOWA,3,0,,
5/4/2019,BOWA,4,0,,
5/4/2019,BOWA,5,0.017,,
5/4/2019,BOWA,6,0.004,,
5/4/2019,COFR,1,0.042,,
5/4/2019,COFR,2,0.047,,
5/4/2019,COFR,3,0.086,,
5/4/2019,COFR,4,0.026,,
5/4/2019,COFR,5,0.023,,
5/4/2019,COFR,6,0.029,,
5/4/2019,DEMI,1,0.007,,
5/4/2019,DEMI,2,0.009,,
5/4/2019,DEMI,3,0,,
5/4/2019,DEMI,4,0,,
5/4/2019,DEMI,5,0.064,,
5/4/2019,DEMI,6,0.047,,
5/4/2019,JOMA,2,0.026,,
5/4/2019,JOMA,3,0.011,,
5/4/2019,JOMA,4,0.142,,
5/4/2019,JOMA,5,0.014,,
5/4/2019,JOMA,6,0.012,,
5/4/2019,PRCR,1,0.014,,
5/4/2019,PRCR,2,0.064,,
5/4/2019,PRCR,3,0.003,,
5/4/2019,PRCR,4,0.021,,
5/4/2019,PRCR,5,0.03,,
5/4/2019,PRCR,6,0.055,,
5/4/2019,RIST,1,0.001,,
5/4/2019,RIST,2,0.023,,
5/4/2019,RIST,3,0.001,,
5/4/2019,RIST,4,0.031,,
5/4/2019,RIST,5,0.011,,
5/4/2019,RIST,6,0,,
5/11/2019,AUCA,1,0.168,,
5/11/2019,AUCA,2,0.034,,
5/11/2019,AUCA,3,0.011,,
5/11/2019,AUCA,4,0.073,,
5/11/2019,AUCA,5,0.006,,
5/11/2019,AUCA,6,0.009,,
5/11/2019,BACA,1,0.028,,
5/11/2019,BACA,2,0.015,,
5/11/2019,BACA,3,0.819,,
5/11/2019,BACA,4,0.121,,
5/11/2019,BACA,5,0.02,,
5/11/2019,BACA,6,0.1,,
5/11/2019,BIVA,1,0.026,,
5/11/2019,BIVA,2,0.01,,
5/11/2019,BIVA,3,0.009,,
5/11/2019,BIVA,4,0.008,,
5/11/2019,BIVA,5,0.016,,
5/11/2019,BIVA,6,0.049,,
5/11/2019,BOWA,1,0.007,,
5/11/2019,BOWA,2,0.066,,
5/11/2019,BOWA,3,0,,
5/11/2019,BOWA,4,0.023,,
5/11/2019,BOWA,5,0.012,contains poop that may be from other bug,removed two pieces and reweighed
5/11/2019,BOWA,6,0.002,,
5/11/2019,COFR,1,0.072,,
5/11/2019,COFR,2,0.03,,
5/11/2019,COFR,3,0.117,,
5/11/2019,COFR,4,0.027,,
5/11/2019,COFR,5,0.015,,
5/11/2019,COFR,6,0.023,,
5/11/2019,DEMI,1,0.011,,
5/11/2019,DEMI,2,0.038,,
5/11/2019,DEMI,3,0.023,,
5/11/2019,DEMI,4,0.027,,
5/11/2019,DEMI,5,0.078,,
5/11/2019,DEMI,6,0.058,,
5/11/2019,JOMA,1,0.083,appears to contain mostly wood frass & some lep,most was removed
5/11/2019,JOMA,2,0.08,,
5/11/2019,JOMA,3,0.022,,
5/11/2019,JOMA,4,0.206,,
5/11/2019,JOMA,5,0.051,,
5/11/2019,JOMA,6,0.061,,
5/11/2019,PRCR,1,0.059,,
5/11/2019,PRCR,2,0.026,,
5/11/2019,PRCR,3,0.002,,
5/11/2019,PRCR,4,0.015,,
5/11/2019,PRCR,5,0.056,,
5/11/2019,PRCR,6,0.099,,
5/11/2019,RIST,1,0.013,,
5/11/2019,RIST,2,0.028,,
5/11/2019,RIST,3,0.028,,
5/11/2019,RIST,4,0.035,,
5/11/2019,RIST,5,0.035,,
5/11/2019,RIST,6,0.015,,
5/21/2019,AUCA,1,0.007,,
5/21/2019,AUCA,2,0.004,,
5/21/2019,AUCA,3,0.012,,
5/21/2019,AUCA,4,0.046,,
5/21/2019,AUCA,5,0.009,,
5/21/2019,AUCA,6,0.008,,
5/21/2019,BACA,1,0.03,potentially contains poop from other insect,pass
5/21/2019,BACA,2,0.065,,
5/21/2019,BACA,3,0.062,,
5/21/2019,BACA,4,0.057,,
5/21/2019,BACA,5,0.057,appears to mostly be poop from other insect,removed some and reweighed
5/21/2019,BACA,6,0.255,appears to contain poop from other insect,removed one piece and reweighed
5/21/2019,BIVA,1,0.023,,
5/21/2019,BIVA,2,0.02,,
5/21/2019,BIVA,3,0.011,,
5/21/2019,BIVA,4,0.007,,
5/21/2019,BIVA,5,0.04,,
5/21/2019,BIVA,6,0.03,appears to contain poop from other insect,removed one piece and reweighed
5/21/2019,BOWA,1,0.038,,
5/21/2019,BOWA,2,0.035,,
5/21/2019,BOWA,3,0,appears to contain poop from other insect,removed one piece and reweighed
5/21/2019,BOWA,4,0.026,,
5/21/2019,BOWA,5,0.011,appears to contain poop from other insect,removed and reweighed
5/21/2019,BOWA,6,0.013,appears to contain poop from other insect,pass
5/21/2019,COFR,1,0.088,,
5/21/2019,COFR,2,0.042,,
5/21/2019,COFR,3,0.072,,
5/21/2019,COFR,4,0.013,,
5/21/2019,COFR,5,0.069,,
5/21/2019,COFR,6,0.04,,
5/21/2019,JOMA,1,0,,
5/21/2019,JOMA,2,0.077,appears to contain wood frass & poop from other insect,removed most and reweighed
5/21/2019,JOMA,3,0.038,,
5/21/2019,JOMA,4,0.115,,
5/21/2019,JOMA,5,0,,
5/21/2019,JOMA,6,0,,
5/21/2019,PRCR,1,0.035,,
5/21/2019,PRCR,2,0.014,,
5/21/2019,PRCR,3,0,,
5/21/2019,PRCR,4,0.048,,
5/21/2019,PRCR,5,0.007,,
5/21/2019,PRCR,6,0.006,,
5/21/2019,RIST,1,0.029,,
5/21/2019,RIST,2,0.056,,
5/21/2019,RIST,3,0.08,,
5/21/2019,RIST,4,0.066,,
5/21/2019,RIST,5,0.058,,
5/21/2019,RIST,6,0.252,,
5/22/2019,DEMI,1,0.016,,
5/22/2019,DEMI,2,0.018,,
5/22/2019,DEMI,3,0.007,,
5/22/2019,DEMI,4,0.021,,
5/22/2019,DEMI,5,0.064,,
5/22/2019,DEMI,6,0.112,,
6/1/2019,AUCA,1,0.005,,
6/1/2019,AUCA,2,0.01,,
6/1/2019,AUCA,3,0.017,,
6/1/2019,AUCA,4,0.031,,
6/1/2019,AUCA,5,0.008,,
6/1/2019,AUCA,6,0.014,,
6/1/2019,BACA,4,0.048,,
6/1/2019,BACA,6,0.018,,
6/1/2019,BACA,3,0,,
6/1/2019,BACA,5,0,,
6/1/2019,BIVA,1,0.017,,
6/1/2019,BIVA,2,0.008,,
6/1/2019,BIVA,3,0.002,,
6/1/2019,BIVA,4,0.003,,
6/1/2019,BIVA,5,0.014,,
6/1/2019,BOWA,1,0.09,,
6/1/2019,BOWA,2,0.057,,
6/1/2019,BOWA,3,0.011,,
6/1/2019,BOWA,4,0.115,,
6/1/2019,BOWA,5,0.007,,
6/1/2019,BOWA,6,0.009,,
6/1/2019,COFR,1,0.053,,
6/1/2019,COFR,2,0.037,,
6/1/2019,COFR,4,0.124,,
6/1/2019,COFR,5,0.071,,
6/1/2019,COFR,6,0.181,,
6/1/2019,DEMI,1,0.051,,
6/1/2019,DEMI,2,0.022,,
6/1/2019,DEMI,3,0.095,,
6/1/2019,DEMI,4,0.022,,
6/1/2019,DEMI,5,0.117,,
6/1/2019,DEMI,6,0.065,,
6/1/2019,JOMA,1,0.161,,
6/1/2019,JOMA,2,0.063,,
6/1/2019,JOMA,3,0.134,,
6/1/2019,JOMA,4,0.144,,
6/1/2019,JOMA,5,0.147,,
6/1/2019,JOMA,6,0.073,,
6/1/2019,PRCR,1,0.014,,
6/1/2019,PRCR,2,0.027,,
6/1/2019,PRCR,3,0,,
6/1/2019,PRCR,4,0.115,,
6/1/2019,PRCR,5,0.034,,
6/1/2019,PRCR,6,0.074,,
6/1/2019,RIST,1,0.006,,
6/1/2019,RIST,2,0.013,,
6/1/2019,RIST,3,0.077,,
6/1/2019,RIST,4,0.013,,
6/1/2019,RIST,5,0.003,,
6/1/2019,RIST,6,0.019,,
6/7/2019,AUCA,1,0.009,,
6/7/2019,AUCA,2,0,,
6/7/2019,AUCA,4,0.075,,
6/7/2019,AUCA,5,0.004,,
6/7/2019,AUCA,6,0,,
6/7/2019,AUCA,3,0,,
6/7/2019,BACA,1,0.001,,
6/7/2019,BACA,2,0.025,,
6/7/2019,BACA,3,0.001,,
6/7/2019,BACA,6,0.003,,
6/7/2019,BACA,4,0,,
6/7/2019,BACA,5,0,,
6/7/2019,BIVA,1,0.006,,
6/7/2019,BIVA,2,0.005,,
6/7/2019,BIVA,3,0,,
6/7/2019,BIVA,4,0.03,,
6/7/2019,BIVA,5,0.023,,
6/7/2019,BIVA,6,0.063,,
6/7/2019,BOWA,1,0.067,,
6/7/2019,BOWA,2,0.058,,
6/7/2019,BOWA,3,0.051,,
6/7/2019,BOWA,4,0.043,,
6/7/2019,BOWA,5,0.008,,
6/7/2019,BOWA,6,0.023,,
6/7/2019,COFR,1,0,,
6/7/2019,COFR,2,0.001,,
6/7/2019,COFR,3,0.002,,
6/7/2019,COFR,4,0,,
6/7/2019,COFR,5,0.001,,
6/7/2019,COFR,6,0,,
6/7/2019,DEMI,1,0.004,,
6/7/2019,DEMI,2,0.089,,
6/7/2019,DEMI,3,0.028,,
6/7/2019,DEMI,5,0.001,,
6/7/2019,DEMI,6,0.029,,
6/7/2019,DEMI,4,0,,
6/7/2019,JOMA,1,0.054,,
6/7/2019,JOMA,2,0.01,,
6/7/2019,JOMA,3,0.009,,
6/7/2019,JOMA,4,0.02,,
6/7/2019,JOMA,5,0.005,,
6/7/2019,JOMA,6,0.022,,
6/7/2019,PRCR,1,0.03,,
6/7/2019,PRCR,2,0.058,appears to contain poop from other insect,pass
6/7/2019,PRCR,3,0.012,,
6/7/2019,PRCR,4,0.083,,
6/7/2019,PRCR,6,0.009,,
6/7/2019,RIST,1,0.006,,
6/7/2019,RIST,2,0.016,,
6/7/2019,RIST,3,0.001,,
6/7/2019,RIST,5,0.055,,
6/7/2019,RIST,6,0.012,,
6/14/2019,AUCA,1,0.021,,
6/14/2019,AUCA,2,0.006,,
6/14/2019,AUCA,4,0.012,appears to contain wood frass,removed some and reweighed
6/14/2019,AUCA,5,0.008,,
6/14/2019,AUCA,6,0.009,,
6/14/2019,AUCA,3,0,,
6/14/2019,BACA,1,0.024,,
6/14/2019,BACA,2,0.003,,
6/14/2019,BACA,3,0.004,,
6/14/2019,BACA,4,0.013,,
6/14/2019,BACA,6,0.021,appears to contain poop from other insects,pass
6/14/2019,BIVA,1,0.011,,
6/14/2019,BIVA,2,0.045,,
6/14/2019,BIVA,3,0.01,,
6/14/2019,BIVA,4,0.013,,
6/14/2019,BIVA,5,0.039,,
6/14/2019,BIVA,6,0.058,,
6/14/2019,BOWA,1,0.013,,
6/14/2019,BOWA,2,0.02,,
6/14/2019,BOWA,3,0.05,,
6/14/2019,BOWA,4,0.038,,
6/14/2019,BOWA,5,0.044,,
6/14/2019,BOWA,6,0,,
6/14/2019,COFR,1,0.017,,
6/14/2019,COFR,2,0.006,,
6/14/2019,COFR,3,0.014,,
6/14/2019,COFR,4,0.037,,
6/14/2019,COFR,5,0.012,,
6/14/2019,COFR,6,0.011,,
6/14/2019,DEMI,1,0.055,,
6/14/2019,DEMI,2,0.052,,
6/14/2019,DEMI,3,0.062,,
6/14/2019,DEMI,4,0.015,,
6/14/2019,DEMI,5,0.023,,
6/14/2019,JOMA,1,0.103,,
6/14/2019,JOMA,2,0.02,,
6/14/2019,JOMA,3,0.047,,
6/14/2019,JOMA,4,0.024,,
6/14/2019,JOMA,5,0.024,,
6/14/2019,JOMA,6,0.016,,
6/14/2019,PRCR,1,0.026,,
6/14/2019,PRCR,2,0.006,,
6/14/2019,PRCR,3,0.011,,
6/14/2019,PRCR,4,0.018,,
6/14/2019,PRCR,5,0.009,,
6/14/2019,PRCR,6,0.047,,
6/14/2019,RIST,1,0,,
6/14/2019,RIST,2,0.015,,
6/14/2019,RIST,3,0.009,,
6/14/2019,RIST,4,0.01,,
6/14/2019,RIST,5,0.011,,
6/14/2019,RIST,6,0.003,,
6/21/2019,AUCA,1,0,,
6/21/2019,AUCA,4,0.044,,
6/21/2019,AUCA,5,0.002,,
6/21/2019,AUCA,2,0,,
6/21/2019,AUCA,3,0,,
6/21/2019,AUCA,6,0,,
6/21/2019,BACA,1,0.067,,
6/21/2019,BACA,3,0.065,,
6/21/2019,BACA,4,0.111,,
6/21/2019,BACA,5,0.032,may contain poop from other insect,removed some stuff and reweighed
6/21/2019,BACA,6,0.066,,
6/21/2019,BACA,2,0,,
6/21/2019,BIVA,1,0.002,,
6/21/2019,BIVA,2,0.029,,
6/21/2019,BIVA,3,0,,
6/21/2019,BIVA,4,0,,
6/21/2019,BIVA,5,0.031,,
6/21/2019,BIVA,6,0.016,,
6/21/2019,BOWA,1,0.127,,
6/21/2019,BOWA,2,0.133,,
6/21/2019,BOWA,3,0.044,,
6/21/2019,BOWA,4,0.031,,
6/21/2019,BOWA,5,0.045,,
6/21/2019,BOWA,6,0.023,,
6/21/2019,COFR,2,0,,
6/21/2019,COFR,3,0,,
6/21/2019,COFR,6,0,,
6/21/2019,COFR,1,0,,
6/21/2019,COFR,5,0,,
6/21/2019,DEMI,2,0.017,,
6/21/2019,DEMI,4,0,,
6/21/2019,DEMI,5,0.015,,
6/21/2019,DEMI,6,0.025,,
6/21/2019,JOMA,1,0.059,,
6/21/2019,JOMA,2,0.027,,
6/21/2019,JOMA,3,0.089,,
6/21/2019,JOMA,4,0.02,,
6/21/2019,JOMA,5,0.054,,
6/21/2019,JOMA,6,0.039,,
6/21/2019,PRCR,1,0.043,,
6/21/2019,PRCR,2,0.041,,
6/21/2019,PRCR,3,0.022,,
6/21/2019,PRCR,5,0.008,,
6/21/2019,PRCR,6,0.049,,
6/21/2019,RIST,2,0.038,,
6/21/2019,RIST,3,0.011,,
6/21/2019,RIST,4,0.002,,
6/21/2019,RIST,5,0.035,,
6/21/2019,RIST,6,0.04,,
6/21/2019,RIST,1,0,,
6/28/2019,AUCA,1,0.006,,
6/28/2019,AUCA,2,0.007,,
6/28/2019,AUCA,3,0.004,,
6/28/2019,AUCA,4,0.063,,
6/28/2019,AUCA,5,0,,
6/28/2019,AUCA,6,0.005,,
6/28/2019,BACA,1,0,,
6/28/2019,BACA,2,0,,
6/28/2019,BACA,3,0.044,,
6/28/2019,BACA,4,0.046,,
6/28/2019,BACA,5,0.098,,
6/28/2019,BACA,6,0.034,,
6/28/2019,BIVA,1,0.009,,
6/28/2019,BIVA,2,0.064,,
6/28/2019,BIVA,3,0.139,,
6/28/2019,BIVA,4,0.05,,
6/28/2019,BIVA,5,0.15,,
6/28/2019,BIVA,6,0.041,,
6/28/2019,BOWA,1,0.072,,
6/28/2019,BOWA,2,0.088,,
6/28/2019,BOWA,3,0.055,,
6/28/2019,BOWA,4,0.11,,
6/28/2019,BOWA,5,0.077,,
6/28/2019,BOWA,6,0.026,,
6/28/2019,COFR,1,0.007,,
6/28/2019,COFR,2,0.007,,
6/28/2019,COFR,3,0.023,,
6/28/2019,COFR,4,0.004,,
6/28/2019,COFR,5,0.061,,
6/28/2019,COFR,6,0.07,,
6/28/2019,DEMI,1,0.017,,
6/28/2019,DEMI,2,0.068,,
6/28/2019,DEMI,4,0.025,,
6/28/2019,DEMI,5,0.025,,
6/28/2019,DEMI,6,0.233,,
6/28/2019,JOMA,1,0.028,,
6/28/2019,JOMA,2,0.104,,
6/28/2019,JOMA,3,0.102,,
6/28/2019,JOMA,4,0.049,,
6/28/2019,JOMA,5,0.128,,
6/28/2019,JOMA,6,0.082,,
6/28/2019,PRCR,1,0.016,,
6/28/2019,PRCR,2,0.05,,
6/28/2019,PRCR,3,0.003,,
6/28/2019,PRCR,4,0.113,,
6/28/2019,PRCR,5,0.02,,
6/28/2019,PRCR,6,0.038,,
6/28/2019,RIST,1,0.028,appears to contain snail poop,pass
6/28/2019,RIST,2,0.094,,
6/28/2019,RIST,3,0.057,,
6/28/2019,RIST,4,0.007,,
6/28/2019,RIST,5,0.096,,
6/28/2019,RIST,6,0.083,,
7/6/2019,AUCA,1,0.001,,
7/6/2019,AUCA,3,0.014,,
7/6/2019,AUCA,4,0.015,,
7/6/2019,AUCA,5,0.004,,
7/6/2019,AUCA,6,0.011,,
7/6/2019,AUCA,2,0,,
7/6/2019,BACA,1,0.016,,
7/6/2019,BACA,2,0.004,,
7/6/2019,BACA,3,0.015,,
7/6/2019,BACA,4,0.007,,
7/6/2019,BACA,5,0.013,,
7/6/2019,BACA,6,0,,
7/6/2019,BIVA,1,0.01,,
7/6/2019,BIVA,2,0.006,,
7/6/2019,BIVA,3,0.066,,
7/6/2019,BIVA,4,0.006,,
7/6/2019,BIVA,5,0.003,,
7/6/2019,BIVA,6,0.006,,
7/6/2019,BOWA,1,0.009,,
7/6/2019,BOWA,2,0.043,,
7/6/2019,BOWA,3,0.01,,
7/6/2019,BOWA,4,0.192,,
7/6/2019,BOWA,5,0.005,,
7/6/2019,BOWA,6,0,,
7/6/2019,COFR,2,0.015,may contain poop from other insect,removed and reweighed
7/6/2019,COFR,3,0.007,,
7/6/2019,COFR,4,0.029,,
7/6/2019,COFR,5,0.011,,
7/6/2019,COFR,6,0,,
7/6/2019,COFR,1,0,,
7/6/2019,DEMI,1,0.011,,
7/6/2019,DEMI,2,0.316,,
7/6/2019,DEMI,3,0.006,,
7/6/2019,DEMI,4,0.02,,
7/6/2019,DEMI,5,0.075,,
7/6/2019,DEMI,6,0.037,,
7/6/2019,JOMA,1,0.011,,
7/6/2019,JOMA,2,0.004,,
7/6/2019,JOMA,3,0.074,,
7/6/2019,JOMA,4,0.003,,
7/6/2019,JOMA,5,0.011,,
7/6/2019,JOMA,6,0.026,,
7/6/2019,PRCR,1,0.193,frass starting to mold,"ah, crap"
7/6/2019,PRCR,2,0.008,,
7/6/2019,PRCR,3,0,,
7/6/2019,PRCR,4,0.041,,
7/6/2019,PRCR,5,0.01,,
7/6/2019,RIST,1,0,,
7/6/2019,RIST,2,0.007,,
7/6/2019,RIST,3,0.004,,
7/6/2019,RIST,4,0.007,,
7/6/2019,RIST,5,0.003,,
7/6/2019,RIST,6,0.008,,
7/12/2019,AUCA,1,0.003,,
7/12/2019,AUCA,2,0,,
7/12/2019,AUCA,3,0.005,,
7/12/2019,AUCA,4,0.007,,
7/12/2019,AUCA,5,0.002,,
7/12/2019,AUCA,6,0.014,,
7/12/2019,BACA,1,0.035,,
7/12/2019,BACA,2,0.013,,
7/12/2019,BACA,3,0.084,,
7/12/2019,BACA,4,0.009,,
7/12/2019,BACA,5,0.008,,
7/12/2019,BACA,6,0.087,,
7/12/2019,BIVA,1,0.016,,
7/12/2019,BIVA,2,0.013,,
7/12/2019,BIVA,3,0.003,,
7/12/2019,BIVA,4,0.014,,
7/12/2019,BIVA,5,0.098,,
7/12/2019,BIVA,6,0.002,,
7/12/2019,BOWA,1,0.024,,
7/12/2019,BOWA,2,0.492,,
7/12/2019,BOWA,3,0.015,,
7/12/2019,BOWA,4,0.026,,
7/12/2019,BOWA,5,0.023,,
7/12/2019,BOWA,6,0.016,,
7/12/2019,COFR,1,0.029,,
7/12/2019,COFR,2,0.007,,
7/12/2019,COFR,3,0.01,,
7/12/2019,COFR,4,0.038,,
7/12/2019,COFR,5,0.031,,
7/12/2019,COFR,6,0.032,,
7/12/2019,DEMI,1,0.044,,
7/12/2019,DEMI,2,0.121,,
7/12/2019,DEMI,3,0.079,,
7/12/2019,DEMI,1,0.166,,
7/12/2019,DEMI,5,0.031,,
7/12/2019,DEMI,6,0.055,,
7/12/2019,JOMA,1,0.039,,
7/12/2019,JOMA,2,0.083,,
7/12/2019,JOMA,3,0.057,,
7/12/2019,JOMA,4,0.069,,
7/12/2019,JOMA,5,0.116,,
7/12/2019,JOMA,6,0.018,,
7/12/2019,PRCR,1,0.027,,
7/12/2019,PRCR,2,0.004,,
7/12/2019,PRCR,3,0.004,,
7/12/2019,PRCR,4,0.056,,
7/12/2019,PRCR,5,0,,
7/12/2019,PRCR,6,0,,
7/12/2019,RIST,2,0.016,,
7/12/2019,RIST,3,0.026,,
7/12/2019,RIST,4,0.067,,
7/12/2019,RIST,5,0.01,,
7/12/2019,RIST,6,0.034,,
7/12/2019,RIST,1,0,,
7/20/2019,AUCA,1,0.126,,
7/20/2019,AUCA,2,0.004,,
7/20/2019,AUCA,3,0.027,,
7/20/2019,AUCA,4,0.061,,
7/20/2019,AUCA,5,0.003,,
7/20/2019,AUCA,6,0.015,,
7/20/2019,BACA,2,0.005,,
7/20/2019,BACA,3,0.019,may contain snail poop,removed and reweighed
7/20/2019,BACA,5,0.007,,
7/20/2019,BACA,6,0.027,,
7/20/2019,BACA,4,0,,
7/20/2019,BIVA,1,0.016,,
7/20/2019,BIVA,2,0.023,,
7/20/2019,BIVA,3,0.014,,
7/20/2019,BIVA,4,0.014,,
7/20/2019,BIVA,5,0.309,,
7/20/2019,BIVA,6,0.113,may contain poop from other insect,removed some and reweighed
7/20/2019,BOWA,1,0.033,,
7/20/2019,BOWA,2,0.089,,
7/20/2019,BOWA,3,0.048,,
7/20/2019,BOWA,4,0.128,,
7/20/2019,BOWA,5,0.02,,
7/20/2019,BOWA,6,0.03,,
7/20/2019,COFR,1,0.016,,
7/20/2019,COFR,2,0.013,,
7/20/2019,COFR,3,0.003,,
7/20/2019,COFR,4,0.343,,
7/20/2019,COFR,5,0.043,,
7/20/2019,COFR,6,0,,
7/20/2019,DEMI,1,0.041,,
7/20/2019,DEMI,2,0.041,,
7/20/2019,DEMI,3,0.002,,
7/20/2019,DEMI,5,0.126,,
7/20/2019,DEMI,6,0.003,,
7/20/2019,JOMA,1,0.007,,
7/20/2019,JOMA,2,0.031,,
7/20/2019,JOMA,4,0.031,,
7/20/2019,JOMA,5,0.032,,
7/20/2019,JOMA,6,0,,
7/20/2019,JOMA,3,0,,
7/20/2019,PRCR,1,0.079,,
7/20/2019,PRCR,2,0.036,,
7/20/2019,PRCR,3,0.105,,
7/20/2019,PRCR,4,0.192,,
7/20/2019,PRCR,5,0.008,,
7/20/2019,PRCR,6,0.002,,
7/20/2019,RIST,1,0,,
7/20/2019,RIST,2,0.01,,
7/20/2019,RIST,3,0.018,,
7/20/2019,RIST,4,0.008,,
7/20/2019,RIST,5,0.004,,
7/20/2019,RIST,6,0.047,,
7/27/2019,AUCA,4,0.011,,
7/27/2019,AUCA,5,0.002,,
7/27/2019,AUCA,1,0,,
7/27/2019,AUCA,2,0,,
7/27/2019,AUCA,3,0,,
7/27/2019,BACA,1,0.004,,
7/27/2019,BACA,3,0.006,,
7/27/2019,BACA,6,0,,
7/27/2019,BACA,2,0,,
7/27/2019,BACA,4,0,,
7/27/2019,BACA,5,0,,
7/27/2019,BIVA,1,0,,
7/27/2019,BIVA,2,0,,
7/27/2019,BIVA,3,0,,
7/27/2019,BIVA,4,0,,
7/27/2019,BIVA,5,0,,
7/27/2019,BIVA,6,0,,
7/27/2019,BOWA,1,0.014,,
7/27/2019,BOWA,2,0.042,,
7/27/2019,BOWA,4,0.016,,
7/27/2019,BOWA,5,0,,
7/27/2019,BOWA,6,0.012,,
7/27/2019,BOWA,3,0,,
7/27/2019,COFR,5,0,,
7/27/2019,COFR,6,0.009,,
7/27/2019,COFR,1,0,,
7/27/2019,COFR,2,0,,
7/27/2019,COFR,3,0,,
7/27/2019,COFR,4,0,,
7/27/2019,DEMI,1,0.012,,
7/27/2019,DEMI,2,0.017,,
7/27/2019,DEMI,3,0,,
7/27/2019,DEMI,4,0.012,,
7/27/2019,DEMI,5,0.026,,
7/27/2019,DEMI,6,0.005,,
7/27/2019,JOMA,2,0.005,,
7/27/2019,JOMA,3,0.011,,
7/27/2019,JOMA,4,0.005,,
7/27/2019,JOMA,5,0.003,,
7/27/2019,JOMA,6,0.001,,
7/27/2019,JOMA,1,0,,
7/27/2019,PRCR,1,0.006,,
7/27/2019,PRCR,2,0.004,,
7/27/2019,PRCR,3,0.002,,
7/27/2019,PRCR,4,0.002,,
7/27/2019,PRCR,5,0,,
7/27/2019,PRCR,6,0,,
7/27/2019,RIST,3,0.003,,
7/27/2019,RIST,5,0.02,,
7/27/2019,RIST,6,0.004,,
7/27/2019,RIST,1,0,,
7/27/2019,RIST,2,0,,
7/27/2019,RIST,4,0,,
8/2/2019,AUCA,1,0.355,,
8/2/2019,AUCA,2,0.189,,
8/2/2019,AUCA,3,0.02,,
8/2/2019,AUCA,4,0.114,,
8/2/2019,AUCA,5,0.036,may contain poop from other insect,pass
8/2/2019,AUCA,6,0.161,,
8/2/2019,BACA,1,0.02,,
8/2/2019,BACA,2,0.027,,
8/2/2019,BACA,3,0.055,,
8/2/2019,BACA,4,0.024,,
8/2/2019,BACA,6,0.096,,
8/2/2019,BIVA,1,0.052,,
8/2/2019,BIVA,2,0.091,,
8/2/2019,BIVA,3,0.123,,
8/2/2019,BIVA,4,0.04,,
8/2/2019,BIVA,5,0.503,,
8/2/2019,BOWA,1,0.128,,
8/2/2019,BOWA,2,0.249,,
8/2/2019,BOWA,3,0.263,,
8/2/2019,BOWA,4,0.109,,
8/2/2019,BOWA,5,0.153,,
8/2/2019,BOWA,6,0.114,,
8/2/2019,COFR,1,0.033,,
8/2/2019,COFR,2,0.036,,
8/2/2019,COFR,3,0.046,,
8/2/2019,COFR,4,0.019,,
8/2/2019,COFR,5,0.088,,
8/2/2019,COFR,6,0.08,,
8/2/2019,DEMI,1,0.12,,
8/2/2019,DEMI,2,0.163,,
8/2/2019,DEMI,3,0.062,,
8/2/2019,DEMI,4,0.116,,
8/2/2019,DEMI,5,0.064,,
8/2/2019,DEMI,6,0.105,may contain poop from other insect,removed 1 piece reweighed
8/2/2019,JOMA,1,0.152,,
8/2/2019,JOMA,2,0.028,,
8/2/2019,JOMA,3,0.04,,
8/2/2019,JOMA,4,0.182,,
8/2/2019,JOMA,5,0.046,,
8/2/2019,JOMA,6,0.006,,
8/2/2019,PRCR,1,0.06,,
8/2/2019,PRCR,2,0.162,,
8/2/2019,PRCR,3,0.017,,
8/2/2019,PRCR,4,0.142,,
8/2/2019,PRCR,5,0.013,,
8/2/2019,PRCR,6,0.084,,
8/2/2019,RIST,1,0.017,,
8/2/2019,RIST,2,0.04,,
8/2/2019,RIST,3,0.148,,
8/2/2019,RIST,4,0.064,,
8/2/2019,RIST,5,0.06,,
8/2/2019,RIST,6,0.116,,
8/10/2019,AUCA,1,0.514,,
8/10/2019,AUCA,2,0.753,,
8/10/2019,AUCA,3,0.016,,
8/10/2019,AUCA,4,0.278,,
8/10/2019,AUCA,5,0.011,,
8/10/2019,AUCA,6,0.028,,
8/10/2019,BACA,1,0.09,,
8/10/2019,BACA,2,0.033,,
8/10/2019,BACA,3,0,,
8/10/2019,BACA,4,0,,
8/10/2019,BACA,5,0.177,,
8/10/2019,BACA,6,0.013,,
8/10/2019,BIVA,1,0.044,,
8/10/2019,BIVA,2,0.103,,
8/10/2019,BIVA,3,0.075,,
8/10/2019,BIVA,4,0.097,,
8/10/2019,BIVA,5,0.828,,
8/10/2019,BIVA,6,0.133,,
8/10/2019,BOWA,1,0.188,,
8/10/2019,BOWA,2,0.252,,
8/10/2019,BOWA,3,0.245,,
8/10/2019,BOWA,4,0.023,,
8/10/2019,BOWA,5,0.074,,
8/10/2019,BOWA,6,0.277,,
8/10/2019,COFR,1,0.07,,
8/10/2019,COFR,2,0.019,,
8/10/2019,COFR,3,0.018,,
8/10/2019,COFR,4,0.209,,
8/10/2019,COFR,5,0.164,,
8/10/2019,COFR,6,0.02,,
8/10/2019,DEMI,1,0.059,,
8/10/2019,DEMI,2,0.118,,
8/10/2019,DEMI,3,0.107,,
8/10/2019,DEMI,4,0.117,,
8/10/2019,DEMI,5,0.22,,
8/10/2019,DEMI,6,0.159,,
8/10/2019,JOMA,1,0.468,,
8/10/2019,JOMA,2,0.047,,
8/10/2019,JOMA,3,0.016,,
8/10/2019,JOMA,4,0.153,,
8/10/2019,JOMA,5,0.053,,
8/10/2019,JOMA,6,0.008,,
8/10/2019,PRCR,1,0.242,,
8/10/2019,PRCR,2,0.178,,
8/10/2019,PRCR,3,0.047,,
8/10/2019,PRCR,4,0.331,,
8/10/2019,PRCR,5,0.12,,
8/10/2019,PRCR,6,0.174,,
8/10/2019,RIST,1,0.077,,
8/10/2019,RIST,2,0.171,,
8/10/2019,RIST,3,0.167,,
8/10/2019,RIST,4,0.081,,
8/10/2019,RIST,5,0.085,,
8/10/2019,RIST,6,0.094,,
8/16/2019,AUCA,1,0.106,,
8/16/2019,AUCA,2,0.081,,
8/16/2019,AUCA,3,0.035,,
8/16/2019,AUCA,4,0.065,,
8/16/2019,AUCA,5,0.005,,
8/16/2019,AUCA,6,0.034,,
8/16/2019,BACA,3,0.013,,
8/16/2019,BACA,4,0.045,,
8/16/2019,BACA,5,0.006,,
8/16/2019,BACA,6,0.003,,
8/16/2019,BACA,1,0,,
8/16/2019,BACA,2,0,,
8/16/2019,BIVA,1,0.003,,
8/16/2019,BIVA,2,0.039,,
8/16/2019,BIVA,3,0,,
8/16/2019,BIVA,4,0.016,,
8/16/2019,BIVA,6,0.02,,
8/16/2019,BIVA,5,0,,
8/16/2019,BOWA,1,0.025,,
8/16/2019,BOWA,2,0.022,,
8/16/2019,BOWA,3,0.061,,
8/16/2019,BOWA,4,0.033,,
8/16/2019,BOWA,6,0.04,,
8/16/2019,BOWA,5,0,,
8/16/2019,COFR,1,0.001,,
8/16/2019,COFR,2,0.016,,
8/16/2019,COFR,3,0.039,,
8/16/2019,COFR,4,0.038,,
8/16/2019,COFR,5,0.116,,
8/16/2019,COFR,6,0.004,,
8/16/2019,DEMI,1,0.02,,
8/16/2019,DEMI,2,0.012,,
8/16/2019,DEMI,3,0.005,,
8/16/2019,DEMI,4,0.023,,
8/16/2019,DEMI,5,0.015,,
8/16/2019,DEMI,6,0.076,,
8/16/2019,JOMA,1,0.402,,
8/16/2019,JOMA,2,0.086,,
8/16/2019,JOMA,3,0.006,,
8/16/2019,JOMA,4,0.035,,
8/16/2019,JOMA,5,0.007,,
8/16/2019,JOMA,6,0.012,,
8/16/2019,PRCR,1,0.061,,
8/16/2019,PRCR,2,0.012,,
8/16/2019,PRCR,3,0.012,,
8/16/2019,PRCR,4,0.009,,
8/16/2019,PRCR,6,0.092,,
8/16/2019,PRCR,5,0,,
8/16/2019,RIST,1,0.01,,
8/16/2019,RIST,3,0.003,,
8/16/2019,RIST,4,0.019,,
8/16/2019,RIST,5,0.026,,
8/16/2019,RIST,6,0.041,,
8/16/2019,RIST,2,0,,
8/23/2019,AUCA,1,0.214,,
8/23/2019,AUCA,2,0.986,,
8/23/2019,AUCA,3,0.061,,
8/23/2019,AUCA,4,0.268,,
8/23/2019,AUCA,5,0.045,,
8/23/2019,AUCA,6,0.002,,
8/23/2019,AUCA,2,0,,
8/23/2019,BACA,2,0.008,,
8/23/2019,BACA,3,0.199,,
8/23/2019,BACA,4,0.019,,
8/23/2019,BACA,6,0.062,,
8/23/2019,BACA,1,0,,
8/23/2019,BACA,5,0,,
8/23/2019,BIVA,3,0.013,,
8/23/2019,BIVA,4,0.09,,
8/23/2019,BIVA,5,0.085,,
8/23/2019,BIVA,6,0.007,,
8/23/2019,BIVA,1,0,,
8/23/2019,BIVA,2,0,,
8/23/2019,BOWA,1,0.023,,
8/23/2019,BOWA,2,0.011,,
8/23/2019,BOWA,3,0.064,,
8/23/2019,BOWA,4,0.008,,
8/23/2019,BOWA,5,0.078,,
8/23/2019,BOWA,6,0.029,,
8/23/2019,COFR,1,0.046,,
8/23/2019,COFR,2,0.127,,
8/23/2019,COFR,3,0.028,,
8/23/2019,COFR,4,0.116,,
8/23/2019,COFR,5,0.028,,
8/23/2019,COFR,6,0.013,,
8/23/2019,DEMI,1,0.043,,
8/23/2019,DEMI,2,0.104,,
8/23/2019,DEMI,3,0.032,,
8/23/2019,DEMI,4,0.157,,
8/23/2019,DEMI,5,0.085,,
8/23/2019,DEMI,6,0.092,,
8/23/2019,JOMA,1,0.198,,
8/23/2019,JOMA,2,0.038,,
8/23/2019,JOMA,3,0.021,,
8/23/2019,JOMA,4,0.066,,
8/23/2019,JOMA,5,0.055,,
8/23/2019,JOMA,6,0.074,,
8/23/2019,PRCR,1,0.086,,
8/23/2019,PRCR,2,0.062,,
8/23/2019,PRCR,3,0.061,,
8/23/2019,PRCR,4,0.018,,
8/23/2019,PRCR,5,0.01,,
8/23/2019,PRCR,6,0.015,,
8/23/2019,RIST,1,0.007,,
8/23/2019,RIST,2,0.113,,
8/23/2019,RIST,3,0.109,,
8/23/2019,RIST,4,0.036,,
8/23/2019,RIST,5,0.098,,
8/23/2019,RIST,6,0,,
8/30/2019,AUCA,1,0.265,,
8/30/2019,AUCA,2,0.024,,
8/30/2019,AUCA,3,0.028,,
8/30/2019,AUCA,4,0.063,,
8/30/2019,AUCA,5,0.051,,
8/30/2019,AUCA,6,0.007,,
8/30/2019,BACA,1,0.101,,
8/30/2019,BACA,2,0.001,,
8/30/2019,BACA,3,0.083,,
8/30/2019,BACA,5,0.035,,
8/30/2019,BACA,6,0.094,,
8/30/2019,BACA,4,0,,
8/30/2019,BIVA,1,0.005,,
8/30/2019,BIVA,2,0.005,,
8/30/2019,BIVA,3,0.026,,
8/30/2019,BIVA,4,0.152,,
8/30/2019,BIVA,5,0.063,,
8/30/2019,BIVA,6,0.022,,
8/30/2019,BOWA,1,0.01,,
8/30/2019,BOWA,2,0.03,,
8/30/2019,BOWA,3,0.013,,
8/30/2019,BOWA,4,0.006,,
8/30/2019,BOWA,5,0.129,,
8/30/2019,BOWA,6,0.029,,
8/30/2019,COFR,1,0.039,,
8/30/2019,COFR,2,0.017,,
8/30/2019,COFR,3,0.001,,
8/30/2019,COFR,4,0.007,,
8/30/2019,COFR,5,0.009,,
8/30/2019,COFR,6,0.025,,
8/30/2019,DEMI,1,0.115,,
8/30/2019,DEMI,2,0.062,,
8/30/2019,DEMI,3,0.051,,
8/30/2019,DEMI,4,0.112,,
8/30/2019,DEMI,6,0.145,,
8/30/2019,DEMI,5,0,,
8/30/2019,JOMA,1,0.105,,
8/30/2019,JOMA,2,0.027,,
8/30/2019,JOMA,3,0.005,,
8/30/2019,JOMA,4,0.041,,
8/30/2019,JOMA,5,0.065,,
8/30/2019,PRCR,1,0.048,,
8/30/2019,PRCR,2,0.041,,
8/30/2019,PRCR,3,0,,
8/30/2019,PRCR,4,0.017,,
8/30/2019,PRCR,5,0.002,,
8/30/2019,PRCR,6,0,,
8/30/2019,RIST,1,0.002,,
8/30/2019,RIST,2,0.028,,
8/30/2019,RIST,3,0.013,,
8/30/2019,RIST,4,0.019,,
8/30/2019,RIST,5,0.017,,
8/30/2019,RIST,6,0.073,,
9/6/2019,AUCA,1,0.272,,
9/6/2019,AUCA,2,0.062,,
9/6/2019,AUCA,3,0.031,,
9/6/2019,AUCA,4,0.117,,
9/6/2019,AUCA,5,0.082,,
9/6/2019,AUCA,6,0.043,,
9/6/2019,BACA,1,0.095,,
9/6/2019,BACA,2,0.043,,
9/6/2019,BACA,3,0.206,,
9/6/2019,BACA,4,0.125,,
9/6/2019,BACA,5,0.056,,
9/6/2019,BACA,6,0.13,,
9/6/2019,BIVA,1,0.039,,
9/6/2019,BIVA,2,0.072,,
9/6/2019,BIVA,3,0.043,,
9/6/2019,BIVA,4,0.123,,
9/6/2019,BIVA,5,0.145,,
9/6/2019,BIVA,6,0.001,,
9/6/2019,BOWA,1,0.088,,
9/6/2019,BOWA,2,0.113,,
9/6/2019,BOWA,3,0.062,,
9/6/2019,BOWA,4,0.035,,
9/6/2019,BOWA,5,0.05,,
9/6/2019,BOWA,6,0.1,,
9/6/2019,COFR,1,0.051,,
9/6/2019,COFR,2,0.023,2 vials for FT2; neither completely full,moved seccond to 9-10
9/6/2019,COFR,3,0.04,,
9/6/2019,COFR,4,0.187,,
9/6/2019,COFR,5,0.02,,
9/6/2019,COFR,6,0.04,,
9/6/2019,DEMI,1,0.117,,
9/6/2019,DEMI,2,0.179,,
9/6/2019,DEMI,3,0.023,,
9/6/2019,DEMI,4,0.277,,
9/6/2019,DEMI,5,0.145,,
9/6/2019,DEMI,6,0.115,,
9/6/2019,JOMA,1,0.2,,
9/6/2019,JOMA,2,0.023,,
9/6/2019,JOMA,3,0.081,,
9/6/2019,JOMA,4,0.046,,
9/6/2019,JOMA,5,0.038,,
9/6/2019,JOMA,6,0.137,,
9/6/2019,PRCR,1,0.108,,
9/6/2019,PRCR,2,0.085,,
9/6/2019,PRCR,3,0.028,,
9/6/2019,PRCR,4,0.17,,
9/6/2019,PRCR,5,0.011,,
9/6/2019,PRCR,6,0.044,,
9/6/2019,RIST,1,0.028,,
9/6/2019,RIST,2,0.061,,
9/6/2019,RIST,3,0.074,,
9/6/2019,RIST,4,0.089,,
9/6/2019,RIST,5,0.201,,
9/6/2019,RIST,6,0.084,,
9/10/2019,AUCA,1,0.155,,
9/10/2019,AUCA,2,0.078,,
9/10/2019,AUCA,3,0.003,,
9/10/2019,AUCA,4,0.044,,
9/10/2019,AUCA,5,0.039,,
9/10/2019,AUCA,6,0.018,,
9/10/2019,BOWA,1,0.035,,
9/10/2019,BOWA,2,0.069,,
9/10/2019,BOWA,3,0.017,,
9/10/2019,BOWA,4,0.091,,
9/10/2019,BOWA,5,0.034,,
9/10/2019,BOWA,6,0.024,,
9/10/2019,COFR,1,0.019,,
9/10/2019,COFR,2,0.003,,moved from 9-6 to 9-10
9/10/2019,COFR,3,0.047,,
9/10/2019,COFR,4,0.171,,
9/10/2019,COFR,5,0.014,,
9/10/2019,JOMA,1,0.065,,
9/10/2019,JOMA,2,0.018,,
9/10/2019,JOMA,3,0.01,,
9/10/2019,JOMA,4,0.014,,
9/10/2019,JOMA,5,0.068,,
9/10/2019,JOMA,6,0.16,,
9/10/2019,PRCR,1,0.079,,
9/10/2019,PRCR,2,0.039,,
9/10/2019,PRCR,3,0.003,,
9/10/2019,PRCR,4,0.045,,
9/10/2019,PRCR,5,0.018,,
9/10/2019,PRCR,6,0.01,,
9/10/2019,RIST,1,0.029,,
9/10/2019,RIST,2,0.096,,
9/10/2019,RIST,3,0.017,,
9/10/2019,RIST,4,0,,
9/10/2019,RIST,5,0.038,,
9/10/2019,RIST,6,0.022,,
9/11/2019,BACA,1,0.025,,
9/11/2019,BACA,2,0,,
9/11/2019,BACA,3,0.015,,
9/11/2019,BACA,4,0.018,,
9/11/2019,BACA,5,0.004,,
9/11/2019,BACA,6,0,,
9/11/2019,BIVA,1,0.011,,
9/11/2019,BIVA,3,0,,
9/11/2019,BIVA,4,0.072,,
9/11/2019,BIVA,5,0.032,,
9/11/2019,BIVA,6,0.003,,
9/11/2019,BIVA,2,0,,
9/11/2019,DEMI,1,0.051,,
9/11/2019,DEMI,2,0.318,,
9/11/2019,DEMI,3,0.085,,
9/11/2019,DEMI,4,0.027,,
9/11/2019,DEMI,5,0.07,,
9/11/2019,DEMI,6,0.094,,
9/20/2019,AUCA,1,0.101,,
9/20/2019,AUCA,2,0.234,,
9/20/2019,AUCA,3,0.003,,
9/20/2019,AUCA,4,0.063,,
9/20/2019,AUCA,5,0.092,,
9/20/2019,AUCA,6,0,,
9/20/2019,BACA,1,0.04,,
9/20/2019,BACA,2,0,,
9/20/2019,BACA,3,0.05,,
9/20/2019,BACA,4,0.087,,
9/20/2019,BACA,5,0.015,,
9/20/2019,BACA,6,0.11,,
9/20/2019,BIVA,1,0,,
9/20/2019,BIVA,2,0,,
9/20/2019,BIVA,3,0.017,,
9/20/2019,BIVA,4,0.083,,
9/20/2019,BIVA,5,0.006,,
9/20/2019,BIVA,6,0.005,,
9/20/2019,BOWA,1,0.039,,
9/20/2019,BOWA,2,0.007,,
9/20/2019,BOWA,3,0.075,,
9/20/2019,BOWA,5,0.006,,
9/20/2019,BOWA,6,0.04,,
9/20/2019,BOWA,4,0,,
9/20/2019,COFR,1,0.04,,
9/20/2019,COFR,2,0,,
9/20/2019,COFR,3,0.021,,
9/20/2019,COFR,4,0.006,,
9/20/2019,COFR,6,0.018,,
9/20/2019,DEMI,1,0.004,,
9/20/2019,DEMI,2,0.261,,
9/20/2019,DEMI,3,0.02,,
9/20/2019,DEMI,4,0,,
9/20/2019,DEMI,5,0.071,,
9/20/2019,DEMI,6,0.008,,
9/20/2019,JOMA,1,0.061,,
9/20/2019,JOMA,2,0.024,,
9/20/2019,JOMA,3,0.02,,
9/20/2019,JOMA,4,0.104,,
9/20/2019,JOMA,5,0.016,,
9/20/2019,JOMA,6,0.013,,
9/20/2019,PRCR,1,0.053,,
9/20/2019,PRCR,2,0.046,,
9/20/2019,PRCR,4,0.005,,
9/20/2019,PRCR,5,0.004,,
9/20/2019,PRCR,3,0,,
9/20/2019,PRCR,6,0,,
9/20/2019,RIST,1,0.051,,
9/20/2019,RIST,2,0.053,,
9/20/2019,RIST,3,0.043,,
9/20/2019,RIST,4,0.049,,
9/20/2019,RIST,5,0.01,,
9/20/2019,RIST,6,0.281,,
9/28/2019,AUCA,1,0.026,,
9/28/2019,AUCA,2,0.051,,
9/28/2019,AUCA,3,0.012,,
9/28/2019,AUCA,4,0.082,,
9/28/2019,AUCA,5,0.033,,
9/28/2019,AUCA,6,0.039,,
9/28/2019,BACA,1,0.005,,
9/28/2019,BACA,2,0.015,,
9/28/2019,BACA,4,0.007,,
9/28/2019,BACA,5,0,,
9/28/2019,BACA,6,0.009,,
9/28/2019,BIVA,1,0,,
9/28/2019,BIVA,2,0.012,,
9/28/2019,BIVA,3,0.159,,
9/28/2019,BIVA,4,0.005,,
9/28/2019,BIVA,5,0.008,,
9/28/2019,BIVA,6,0.003,,
9/28/2019,BOWA,1,0.184,,
9/28/2019,BOWA,2,0.002,,
9/28/2019,BOWA,3,0.056,,
9/28/2019,BOWA,4,0.398,,
9/28/2019,BOWA,5,0.038,,
9/28/2019,BOWA,6,0.037,,
9/28/2019,COFR,1,0.053,,
9/28/2019,COFR,2,0.004,,
9/28/2019,COFR,4,0.048,,
9/28/2019,COFR,5,0.005,,
9/28/2019,COFR,6,0.01,,
9/28/2019,COFR,3,0,,
9/28/2019,DEMI,1,0.042,,
9/28/2019,DEMI,2,0.101,,
9/28/2019,DEMI,3,0.028,,
9/28/2019,DEMI,4,0.003,,
9/28/2019,DEMI,5,0.047,,
9/28/2019,DEMI,6,0.06,,
9/28/2019,JOMA,1,0.004,,
9/28/2019,JOMA,2,0.007,,
9/28/2019,JOMA,3,0.027,,
9/28/2019,JOMA,4,0,,
9/28/2019,JOMA,5,0.001,,
9/28/2019,JOMA,6,0.003,,
9/28/2019,PRCR,1,0.007,,
9/28/2019,PRCR,2,0.125,,
9/28/2019,PRCR,3,0,,
9/28/2019,PRCR,4,0.015,,
9/28/2019,PRCR,5,0.024,,
9/28/2019,PRCR,6,0.004,,
9/28/2019,RIST,1,0.013,,
9/28/2019,RIST,2,0.169,,
9/28/2019,RIST,3,0.06,,
9/28/2019,RIST,4,0.068,,
9/28/2019,RIST,5,0.065,,
9/28/2019,RIST,6,0.152,,
10/4/2019,AUCA,1,0.086,,
10/4/2019,AUCA,2,0.023,,
10/4/2019,AUCA,3,0,,
10/4/2019,AUCA,4,0.023,,
10/4/2019,AUCA,5,0.055,,
10/4/2019,AUCA,6,0.007,,
10/4/2019,BIVA,1,0.002,,
10/4/2019,BIVA,2,0.004,,
10/4/2019,BIVA,3,0.012,,
10/4/2019,BIVA,4,0.001,,
10/4/2019,BIVA,5,0.008,,
10/4/2019,BIVA,6,0,,
10/4/2019,BOWA,1,0.008,,
10/4/2019,BOWA,2,0.014,,
10/4/2019,BOWA,3,0.004,,
10/4/2019,BOWA,4,0,,
10/4/2019,BOWA,5,0.008,,
10/4/2019,BOWA,6,0.005,,
10/4/2019,COFR,1,0.005,,
10/4/2019,COFR,2,0.004,,
10/4/2019,COFR,4,0.017,,
10/4/2019,COFR,6,0.011,,
10/4/2019,COFR,3,0,,
10/4/2019,COFR,5,0,,
10/4/2019,DEMI,1,0.006,,
10/4/2019,DEMI,2,0.005,,
10/4/2019,DEMI,3,0.01,,
10/4/2019,DEMI,4,0.003,,
10/4/2019,DEMI,5,0.014,,
10/4/2019,DEMI,6,0.037,,
10/4/2019,JOMA,1,0,,
10/4/2019,JOMA,4,0.014,,
10/4/2019,JOMA,5,0.005,,
10/4/2019,JOMA,2,0,,
10/4/2019,JOMA,3,0,,
10/4/2019,JOMA,6,0,,
10/4/2019,PRCR,1,0.004,,
10/4/2019,PRCR,2,0.009,,
10/4/2019,PRCR,3,0.005,,
10/4/2019,PRCR,4,0.018,,
10/4/2019,PRCR,6,0.001,,
10/4/2019,PRCR,5,0,,
10/4/2019,RIST,1,0.022,,
10/4/2019,RIST,3,0.034,,
10/4/2019,RIST,5,0.024,,
10/4/2019,RIST,6,0.011,,
10/4/2019,RIST,2,0,,
10/4/2019,RIST,4,0,,
10/12/2019,AUCA,1,0.034,,
10/12/2019,AUCA,2,0.005,,
10/12/2019,AUCA,3,0.003,,
10/12/2019,AUCA,4,0.018,,
10/12/2019,AUCA,5,0.061,,
10/12/2019,AUCA,6,0,,
10/12/2019,BACA,3,0.015,,
10/12/2019,BACA,6,0.012,,
10/12/2019,BACA,1,0,,
10/12/2019,BACA,4,0,,
10/12/2019,BACA,5,0,,
10/12/2019,BIVA,1,0.019,,
10/12/2019,BIVA,2,0.014,,
10/12/2019,BIVA,3,0.158,,
10/12/2019,BIVA,4,0.006,,
10/12/2019,BIVA,5,0.051,,
10/12/2019,BIVA,6,0.027,,
10/12/2019,BOWA,1,0.013,,
10/12/2019,BOWA,2,0.019,,
10/12/2019,BOWA,3,0.012,,
10/12/2019,BOWA,4,0.013,,
10/12/2019,BOWA,5,0,,
10/12/2019,BOWA,6,0.024,,
10/12/2019,COFR,1,0.008,,
10/12/2019,COFR,2,0,,
10/12/2019,COFR,4,0.013,,
10/12/2019,COFR,2,0,,
10/12/2019,COFR,5,0,,
10/12/2019,COFR,6,0,,
10/12/2019,DEMI,1,0,,
10/12/2019,DEMI,2,0.016,,
10/12/2019,DEMI,3,0,,
10/12/2019,DEMI,5,0,,
10/12/2019,DEMI,6,0.004,,
10/12/2019,DEMI,4,0,,
10/12/2019,JOMA,4,0.001,,
10/12/2019,JOMA,6,0.01,,
10/12/2019,JOMA,1,0,,
10/12/2019,JOMA,2,0,,
10/12/2019,JOMA,3,0,,
10/12/2019,JOMA,5,0,,
10/12/2019,PRCR,1,0.047,,
10/12/2019,PRCR,2,0.083,,
10/12/2019,PRCR,3,0.004,,
10/12/2019,PRCR,4,0.01,,
10/12/2019,PRCR,5,0.003,,
10/12/2019,PRCR,6,0.017,,
10/12/2019,RIST,2,0.022,,
10/12/2019,RIST,3,0.015,,
10/12/2019,RIST,4,0,,
10/12/2019,RIST,5,0.174,,
10/12/2019,RIST,6,0.161,,
10/12/2019,RIST,1,0,,
10/20/2019,AUCA,1,0.058,,
10/20/2019,AUCA,2,0.035,,
10/20/2019,AUCA,3,0.005,,
10/20/2019,AUCA,4,0.025,,
10/20/2019,AUCA,5,0.022,,
10/20/2019,AUCA,6,0.022,,
10/20/2019,BACA,1,0,,
10/20/2019,BACA,4,0,,
10/20/2019,BACA,5,0,,
10/20/2019,BACA,6,0,,
10/20/2019,BIVA,1,0.006,,
10/20/2019,BIVA,3,0.014,,
10/20/2019,BIVA,4,0.002,,
10/20/2019,BIVA,5,0.026,,
10/20/2019,BIVA,6,0,,
10/20/2019,BIVA,2,0,,
10/20/2019,BOWA,1,0.095,,
10/20/2019,BOWA,2,0.012,,
10/20/2019,BOWA,3,0.018,,
10/20/2019,BOWA,5,0.002,,
10/20/2019,BOWA,6,0.012,,
10/20/2019,BOWA,4,0,,
10/20/2019,COFR,1,0.014,,
10/20/2019,COFR,2,0,,
10/20/2019,COFR,6,0.017,,
10/20/2019,COFR,3,0,,
10/20/2019,COFR,4,0,,
10/20/2019,COFR,5,0,,
10/20/2019,DEMI,2,0.004,,
10/20/2019,DEMI,3,0.001,,
10/20/2019,DEMI,6,0.006,,
10/20/2019,DEMI,1,0,,
10/20/2019,DEMI,4,0,,
10/20/2019,DEMI,5,0,,
10/20/2019,JOMA,5,0.003,,
10/20/2019,JOMA,1,0,,
10/20/2019,JOMA,2,0,,
10/20/2019,JOMA,3,0,,
10/20/2019,JOMA,4,0,,
10/20/2019,JOMA,6,0,,
10/20/2019,PRCR,1,0.007,,
10/20/2019,PRCR,2,0.003,,
10/20/2019,PRCR,4,0.015,,
10/20/2019,PRCR,5,0.006,,
10/20/2019,PRCR,6,0,,
10/20/2019,PRCR,3,0,,
10/20/2019,RIST,1,0,,
10/20/2019,RIST,2,0.007,,
10/20/2019,RIST,3,0.029,,
10/20/2019,RIST,4,0.001,,
10/20/2019,RIST,5,0.017,,
10/20/2019,RIST,6,0.333,,
10/26/2019,AUCA,1,0.057,,
10/26/2019,AUCA,2,0.031,,
10/26/2019,AUCA,3,0.038,,
10/26/2019,AUCA,4,0.006,,
10/26/2019,AUCA,5,0.022,,
10/26/2019,AUCA,6,0.009,,
10/26/2019,BACA,3,0.002,,
10/26/2019,BACA,4,0.034,,
10/26/2019,BACA,6,0,,
10/26/2019,BACA,1,0,,
10/26/2019,BACA,5,0,,
10/26/2019,BIVA,1,0,,
10/26/2019,BIVA,2,0.007,,
10/26/2019,BIVA,3,0.009,,
10/26/2019,BIVA,4,0,,
10/26/2019,BIVA,5,0.019,,
10/26/2019,BIVA,6,0.004,,
10/26/2019,BOWA,1,0.007,,
10/26/2019,BOWA,2,0.037,,
10/26/2019,BOWA,3,0.019,,
10/26/2019,BOWA,4,0,,
10/26/2019,BOWA,5,0.023,,
10/26/2019,BOWA,6,0.003,,
10/26/2019,COFR,2,0,,
10/26/2019,COFR,3,0.004,,
10/26/2019,COFR,1,0,,
10/26/2019,COFR,4,0,,
10/26/2019,COFR,5,0,,
10/26/2019,COFR,6,0,,
10/26/2019,DEMI,1,0.002,,
10/26/2019,DEMI,2,0.009,,
10/26/2019,DEMI,4,0.004,,
10/26/2019,DEMI,5,0.005,,
10/26/2019,DEMI,6,0.016,,
10/26/2019,DEMI,3,0,,
10/26/2019,JOMA,3,0.001,,
10/26/2019,JOMA,1,0,,
10/26/2019,JOMA,2,0,,
10/26/2019,JOMA,4,0,,
10/26/2019,JOMA,5,0,,
10/26/2019,JOMA,6,0,,
10/26/2019,PRCR,1,0.006,,
10/26/2019,PRCR,2,0.008,,
10/26/2019,PRCR,3,0.004,,
10/26/2019,PRCR,4,0.003,,
10/26/2019,PRCR,5,0,,
10/26/2019,PRCR,6,0.009,,
10/26/2019,RIST,1,0.002,,
10/26/2019,RIST,2,0.042,,
10/26/2019,RIST,3,0.073,,
10/26/2019,RIST,4,0.004,,
10/26/2019,RIST,5,0.052,,
10/26/2019,RIST,6,0.07,,
11/2/2019,AUCA,1,0.236,,
11/2/2019,AUCA,2,0.031,,
11/2/2019,AUCA,3,0.094,,
11/2/2019,AUCA,4,0.07,,
11/2/2019,AUCA,5,0.052,,
11/2/2019,AUCA,6,0.001,,
11/2/2019,BACA,1,0,,
11/2/2019,BACA,3,0.007,,
11/2/2019,BACA,5,0.055,,
11/2/2019,BACA,2,0,,
11/2/2019,BACA,4,0,,
11/2/2019,BACA,6,0,,
11/2/2019,BIVA,1,0,,
11/2/2019,BIVA,2,0.001,,
11/2/2019,BIVA,3,0.009,,
11/2/2019,BIVA,4,0.001,,
11/2/2019,BIVA,6,0.021,,
11/2/2019,BIVA,5,0,,
11/2/2019,BOWA,1,0.111,,
11/2/2019,BOWA,2,0.082,,
11/2/2019,BOWA,3,0.022,,
11/2/2019,BOWA,4,0.026,,
11/2/2019,BOWA,5,0.19,,
11/2/2019,BOWA,6,0,,
11/2/2019,COFR,2,0,,
11/2/2019,COFR,3,0.02,,
11/2/2019,COFR,4,0.003,,
11/2/2019,COFR,6,0.036,,
11/2/2019,COFR,1,0,,
11/2/2019,COFR,5,0,,
11/2/2019,DEMI,1,0.013,,
11/2/2019,DEMI,2,0.006,,
11/2/2019,DEMI,3,0.035,,
11/2/2019,DEMI,4,0.012,,
11/2/2019,DEMI,5,0.014,,
11/2/2019,DEMI,6,0.018,,
11/2/2019,JOMA,2,0.001,,
11/2/2019,JOMA,3,0.003,,
11/2/2019,JOMA,4,0.056,,
11/2/2019,JOMA,1,0,,
11/2/2019,JOMA,5,0,,
11/2/2019,JOMA,6,0,,
11/2/2019,PRCR,1,0.003,,
11/2/2019,PRCR,2,0.028,,
11/2/2019,PRCR,3,0.007,appears to contain wood frass,totally right. removed wood frass
11/2/2019,PRCR,4,0.005,,
11/2/2019,PRCR,5,0,,
11/2/2019,PRCR,6,0.013,,
11/2/2019,RIST,1,0.006,,
11/2/2019,RIST,2,0.208,,
11/2/2019,RIST,3,0.197,,
11/2/2019,RIST,4,0.072,,
11/2/2019,RIST,5,0.052,,
11/2/2019,RIST,6,0.051,,
11/11/2019,AUCA,1,0.484,,
11/11/2019,AUCA,2,0.027,,
11/11/2019,AUCA,3,0.1,,
11/11/2019,AUCA,4,0.039,,
11/11/2019,AUCA,5,0.057,,
11/11/2019,AUCA,6,0.029,,
11/11/2019,BACA,1,0.011,,
11/11/2019,BACA,3,0.048,,
11/11/2019,BACA,4,0.008,,
11/11/2019,BACA,6,0.139,,
11/11/2019,BIVA,1,0.001,,
11/11/2019,BIVA,4,0.002,,
11/11/2019,BIVA,6,0.01,,
11/11/2019,BIVA,2,0,,
11/11/2019,BIVA,3,0,,
11/11/2019,BIVA,5,0,,
11/11/2019,BOWA,1,0.017,,
11/11/2019,BOWA,2,0.175,,
11/11/2019,BOWA,3,0.034,,
11/11/2019,BOWA,4,0.022,,
11/11/2019,BOWA,6,0.027,,
11/11/2019,COFR,1,0.007,,
11/11/2019,COFR,3,0.041,,
11/11/2019,COFR,4,0.007,,
11/11/2019,COFR,5,0.007,,
11/11/2019,COFR,6,0,,
11/11/2019,JOMA,1,0.003,,
11/11/2019,JOMA,2,0.004,,
11/11/2019,JOMA,3,0.002,,
11/11/2019,JOMA,4,0.032,,
11/11/2019,JOMA,5,0.004,,
11/11/2019,JOMA,6,0.005,,
11/11/2019,PRCR,1,0.149,,
11/11/2019,PRCR,2,0.023,,
11/11/2019,PRCR,3,0,,
11/11/2019,PRCR,4,0.033,,
11/11/2019,PRCR,5,0.006,,
11/11/2019,PRCR,6,0.006,,
11/11/2019,RIST,1,0.011,,
11/11/2019,RIST,2,0.123,,
11/11/2019,RIST,3,0.338,,
11/11/2019,RIST,4,0.064,,
11/11/2019,RIST,5,0.175,,
11/11/2019,RIST,6,0.104,,
11/16/2019,AUCA,1,0.029,,
11/16/2019,AUCA,2,0.004,,
11/16/2019,AUCA,3,0.103,,
11/16/2019,AUCA,4,0,,
11/16/2019,AUCA,5,0,,
11/16/2019,BACA,4,0.001,,
11/16/2019,BACA,1,0,,
11/16/2019,BACA,5,0,,
11/16/2019,BACA,6,0,,
11/16/2019,BIVA,3,0,,
11/16/2019,BIVA,1,0,,
11/16/2019,BIVA,2,0,,
11/16/2019,BIVA,4,0,,
11/16/2019,BIVA,6,0,,
11/16/2019,BOWA,1,0,,
11/16/2019,BOWA,2,0.005,,
11/16/2019,BOWA,3,0.001,,
11/16/2019,BOWA,3,0,,
11/16/2019,BOWA,4,0,,
11/16/2019,BOWA,6,0,,
11/16/2019,COFR,2,0,,
11/16/2019,COFR,3,0.014,,
11/16/2019,COFR,4,0.006,,
11/16/2019,COFR,6,0.001,,
11/16/2019,DEMI,3,0.024,,
11/16/2019,DEMI,6,0.024,,
11/16/2019,DEMI,1,0,,
11/16/2019,DEMI,2,0,,
11/16/2019,DEMI,4,0,,
11/16/2019,DEMI,5,0,,
11/16/2019,JOMA,2,0,,
11/16/2019,JOMA,1,0,,
11/16/2019,JOMA,4,0,,
11/16/2019,JOMA,5,0,,
11/16/2019,JOMA,6,0,,
11/16/2019,PRCR,1,0.021,,
11/16/2019,PRCR,4,0.013,,
11/16/2019,PRCR,6,0,,
11/16/2019,PRCR,3,0,,
11/16/2019,PRCR,5,0,,
11/16/2019,RIST,4,0.006,,
11/16/2019,RIST,1,0,,
11/16/2019,RIST,2,0,,
11/16/2019,RIST,3,0,,
11/16/2019,RIST,6,0,,
11/23/2019,AUCA,1,0.019,,
11/23/2019,AUCA,2,0.003,,
11/23/2019,AUCA,3,0.008,,
11/23/2019,AUCA,4,0.018,,
11/23/2019,AUCA,5,0.048,,
11/23/2019,AUCA,6,0.015,,
11/23/2019,BACA,1,0,,
11/23/2019,BACA,2,0.001,,
11/23/2019,BACA,3,0.122,,
11/23/2019,BACA,4,0.016,,
11/23/2019,BACA,5,0.001,,
11/23/2019,BACA,6,0.069,,
11/23/2019,BIVA,1,0.001,,
11/23/2019,BIVA,2,0,,
11/23/2019,BIVA,3,0.008,,
11/23/2019,BIVA,4,0.007,,
11/23/2019,BIVA,5,0.015,,
11/23/2019,BIVA,6,0,,
11/23/2019,BOWA,1,0.007,,
11/23/2019,BOWA,2,0.017,,
11/23/2019,BOWA,3,0.012,,
11/23/2019,BOWA,4,0.38,,
11/23/2019,BOWA,5,0.037,,
11/23/2019,BOWA,6,0.003,,
11/23/2019,COFR,1,0.003,,
11/23/2019,COFR,2,0.003,,
11/23/2019,COFR,3,0.002,,
11/23/2019,COFR,4,0.028,,
11/23/2019,COFR,5,0.004,,
11/23/2019,DEMI,1,0.004,,
11/23/2019,DEMI,2,0.008,,
11/23/2019,DEMI,4,0.029,,
11/23/2019,DEMI,6,0.013,,
11/23/2019,JOMA,1,0.004,,
11/23/2019,JOMA,2,0.003,,
11/23/2019,JOMA,4,0.002,,
11/23/2019,JOMA,5,0,,
11/23/2019,JOMA,6,0,,
11/23/2019,PRCR,1,0.033,,
11/23/2019,PRCR,2,0.072,,
11/23/2019,PRCR,4,0.026,,
11/23/2019,PRCR,5,0,,
11/23/2019,PRCR,6,0.006,,
11/23/2019,RIST,1,0.014,,
11/23/2019,RIST,2,0.029,,
11/23/2019,RIST,3,0.019,,
11/23/2019,RIST,4,0.001,,
11/23/2019,RIST,5,0.058,appears to contain wood frass,removed wood frass
11/23/2019,RIST,6,0.008,,
11/30/2019,AUCA,1,0.087,,
11/30/2019,AUCA,2,0.014,,
11/30/2019,AUCA,3,0.018,,
11/30/2019,AUCA,4,0.022,,
11/30/2019,AUCA,5,0.159,,
11/30/2019,AUCA,6,0.008,,
11/30/2019,BACA,1,0,,
11/30/2019,BACA,2,0.001,,
11/30/2019,BACA,4,0.01,,
11/30/2019,BACA,5,0.014,,
11/30/2019,BACA,6,0.087,,
11/30/2019,BIVA,2,0.001,,
11/30/2019,BIVA,3,0.002,,
11/30/2019,BIVA,6,0.005,,
11/30/2019,BOWA,1,0,,
11/30/2019,BOWA,2,0.025,,
11/30/2019,BOWA,3,0.024,,
11/30/2019,BOWA,4,0.05,doesn't appear to be normal frass,removed wood frass
11/30/2019,BOWA,5,0.028,,
11/30/2019,BOWA,6,0.006,,
11/30/2019,COFR,2,0,,
11/30/2019,COFR,4,0.001,,
11/30/2019,COFR,5,0.011,,
11/30/2019,COFR,6,0.007,,
11/30/2019,DEMI,1,0,,
11/30/2019,DEMI,2,0.023,,
11/30/2019,DEMI,3,0.005,,
11/30/2019,DEMI,4,0.005,,
11/30/2019,DEMI,5,0,,
11/30/2019,DEMI,6,0.022,,
11/30/2019,JOMA,1,0.009,,
11/30/2019,JOMA,2,0,,
11/30/2019,JOMA,3,0.002,,
11/30/2019,JOMA,4,0.002,,
11/30/2019,JOMA,5,0.003,,
11/30/2019,JOMA,6,0,,
11/30/2019,PRCR,1,0.006,,
11/30/2019,PRCR,2,0.04,,
11/30/2019,PRCR,3,0.011,,
11/30/2019,PRCR,4,0.015,,
11/30/2019,PRCR,5,0.003,,
11/30/2019,PRCR,6,0.001,,
11/30/2019,RIST,1,0.009,,
11/30/2019,RIST,2,0.028,,
11/30/2019,RIST,3,0.019,,
11/30/2019,RIST,4,0.024,,
11/30/2019,RIST,5,0.063,,
11/30/2019,RIST,6,0.014,,
12/7/2019,AUCA,1,0.018,appears to contain ash,pass
12/7/2019,AUCA,3,0.006,,
12/7/2019,AUCA,4,0.004,,
12/7/2019,AUCA,5,0.001,appears to be wood frass,mostly removed
12/7/2019,AUCA,6,0.008,,
12/7/2019,BACA,2,0,,
12/7/2019,BACA,3,0,,
12/7/2019,BACA,4,0.008,,
12/7/2019,BACA,5,0,,
12/7/2019,BACA,6,0.005,appears to contain wood frass,mostly removed
12/7/2019,BIVA,1,0,,
12/7/2019,BIVA,3,0.006,,
12/7/2019,BIVA,5,0.032,appears to contain poop from other insect,removed some
12/7/2019,BIVA,2,0,,
12/7/2019,BOWA,1,0.002,,
12/7/2019,BOWA,2,0.03,appears to contain poop from other insect,pass
12/7/2019,BOWA,3,0.013,,
12/7/2019,BOWA,4,0,appears to contain wood frass,removed
12/7/2019,BOWA,5,0.026,,
12/7/2019,BOWA,6,0.007,,
12/7/2019,COFR,1,0.006,,
12/7/2019,COFR,3,0.001,,
12/7/2019,COFR,4,0.002,,
12/7/2019,COFR,6,0.003,,
12/7/2019,DEMI,1,0.041,,
12/7/2019,DEMI,2,0.019,,
12/7/2019,DEMI,3,0.021,,
12/7/2019,DEMI,4,0.001,,
12/7/2019,DEMI,6,0.006,,
12/7/2019,JOMA,1,0.001,,
12/7/2019,JOMA,2,0.004,,
12/7/2019,JOMA,4,0.004,,
12/7/2019,JOMA,5,0.002,,
12/7/2019,JOMA,6,0.001,,
12/7/2019,PRCR,1,0.014,,
12/7/2019,PRCR,2,0.027,,
12/7/2019,PRCR,3,0.002,,
12/7/2019,PRCR,4,0.053,,
12/7/2019,PRCR,6,0.001,,
12/7/2019,RIST,1,0.003,,
12/7/2019,RIST,2,0.015,,
12/7/2019,RIST,3,0.014,appears to contain poop from other insect,removed some and reweighed
12/7/2019,RIST,4,0.002,,
12/7/2019,RIST,5,0.029,,
12/7/2019,RIST,6,0.003,,
12/11/2019,AUCA,1,0.015,,
12/11/2019,AUCA,2,0.009,,
12/11/2019,AUCA,3,0,,
12/11/2019,AUCA,4,0.007,,
12/11/2019,AUCA,5,0.003,appears to be wood frass,removed most
12/11/2019,AUCA,6,0.006,,
12/11/2019,BACA,1,0.001,,
12/11/2019,BACA,2,0,,
12/11/2019,BACA,3,0.002,,
12/11/2019,BACA,4,0.015,,
12/11/2019,BACA,5,0,,
12/11/2019,BIVA,2,0.004,,
12/11/2019,BIVA,3,0.002,,
12/11/2019,BIVA,4,0,,
12/11/2019,BIVA,5,0.002,,
12/11/2019,BIVA,6,0.004,,
12/11/2019,BOWA,1,0,,
12/11/2019,BOWA,3,0.023,,
12/11/2019,BOWA,4,0.252,,
12/11/2019,BOWA,5,0.025,,
12/11/2019,BOWA,6,0.003,,
12/11/2019,COFR,1,0.009,,
12/11/2019,COFR,2,0.003,,
12/11/2019,COFR,3,0,,
12/11/2019,COFR,4,0.007,,
12/11/2019,DEMI,1,0.002,,
12/11/2019,DEMI,2,0.026,,
12/11/2019,DEMI,3,0.022,,
12/11/2019,DEMI,4,0,,
12/11/2019,DEMI,6,0.01,,
12/11/2019,JOMA,2,0,,
12/11/2019,JOMA,4,0.008,,
12/11/2019,JOMA,5,0,,
12/11/2019,PRCR,1,0.013,,
12/11/2019,PRCR,2,0.002,,
12/11/2019,PRCR,3,0,,
12/11/2019,PRCR,4,0.004,,
12/11/2019,PRCR,5,0.004,,
12/11/2019,PRCR,6,0.004,,
12/11/2019,RIST,1,0.004,,
12/11/2019,RIST,2,0.029,,
12/11/2019,RIST,3,0.002,,
12/11/2019,RIST,4,0.004,,
12/11/2019,RIST,5,0.012,,
12/11/2019,RIST,6,0.007,,
12/21/2019,BACA,1,0,"2 vials for FT1, neither completely full",removed one
12/21/2019,BACA,5,0.02,,
12/21/2019,BACA,2,0,,
12/21/2019,BACA,3,0,,
12/21/2019,COFR,1,0.009,,
12/21/2019,COFR,2,0.004,,
12/21/2019,COFR,3,0.002,,
12/21/2019,COFR,4,0.019,,
12/21/2019,COFR,5,0,,
12/21/2019,COFR,6,0,,
12/21/2019,JOMA,1,0.005,,
12/21/2019,JOMA,2,0.023,,
12/21/2019,JOMA,3,0.008,,
12/21/2019,JOMA,4,0,doesn't appear to be frass,pass
12/21/2019,JOMA,5,0.006,,
12/21/2019,JOMA,6,0,,
12/31/2019,BACA,1,0,,
12/31/2019,BACA,2,0.003,,
12/31/2019,BACA,4,0.033,,
12/31/2019,BACA,6,0.03,,
12/31/2019,BACA,3,0,,
12/31/2019,BACA,5,0,,
12/31/2019,BIVA,4,0.013,,
12/31/2019,BIVA,5,0.002,,
12/31/2019,BIVA,6,0.006,,
12/31/2019,BOWA,1,0.026,,
12/31/2019,BOWA,2,0.001,,
12/31/2019,BOWA,3,0.002,,
12/31/2019,BOWA,4,0.005,,
12/31/2019,BOWA,5,0.026,,
12/31/2019,BOWA,6,0.015,,
12/31/2019,COFR,1,0.024,,
12/31/2019,COFR,2,0,,
12/31/2019,COFR,3,0.006,,
12/31/2019,COFR,4,0.029,,
12/31/2019,COFR,5,0,,
12/31/2019,JOMA,1,0.003,,
12/31/2019,JOMA,2,0.003,,
12/31/2019,JOMA,3,0,,
12/31/2019,JOMA,4,0.003,,
12/31/2019,JOMA,5,0,,
12/31/2019,PRCR,1,0.01,,
12/31/2019,PRCR,2,0.003,,
12/31/2019,PRCR,3,0.003,,
12/31/2019,PRCR,4,0.007,,
12/31/2019,PRCR,5,0,,
12/31/2019,PRCR,6,0.014,,
12/31/2019,RIST,1,0.002,,
12/31/2019,RIST,2,0.002,,
12/31/2019,RIST,3,0.003,,
12/31/2019,RIST,4,0,,
12/31/2019,RIST,5,0.01,,
12/31/2019,RIST,6,0,,
1/5/2020,AUCA,1,0.025,,
1/5/2020,AUCA,2,0.007,,
1/5/2020,AUCA,3,0.004,,
1/5/2020,AUCA,4,0.009,,
1/5/2020,AUCA,5,0.002,,
1/5/2020,AUCA,6,0.028,,
1/5/2020,BACA,1,0,,
1/5/2020,BACA,2,0.002,,
1/5/2020,BACA,3,0,,
1/5/2020,BACA,4,0.02,,
1/5/2020,BACA,6,0.024,appears to contain wood frass,removed and reweighed
1/5/2020,BIVA,4,0,,
1/5/2020,BIVA,5,0.004,,
1/5/2020,BIVA,6,0.003,,
1/5/2020,BOWA,1,0.009,,
1/5/2020,BOWA,2,0.001,appears to contain wood frass,removed most
1/5/2020,BOWA,3,0.012,,
1/5/2020,BOWA,4,0,appears to be wood frass,removed all
1/5/2020,BOWA,5,0.005,,
1/5/2020,COFR,1,0.005,,
1/5/2020,COFR,2,0,,
1/5/2020,COFR,3,0.004,,
1/5/2020,COFR,4,0.023,,
1/5/2020,COFR,5,0.004,,
1/5/2020,DEMI,1,0.023,,
1/5/2020,DEMI,2,0.034,,
1/5/2020,DEMI,3,0.026,,
1/5/2020,DEMI,4,0.028,,
1/5/2020,DEMI,5,0.028,,
1/5/2020,DEMI,6,0.04,,
1/5/2020,JOMA,1,0.004,,
1/5/2020,JOMA,5,0.002,,
1/5/2020,JOMA,6,0.001,,
1/5/2020,PRCR,1,0.002,,
1/5/2020,PRCR,2,0.005,,
1/5/2020,PRCR,3,0,,
1/5/2020,PRCR,4,0,,
1/5/2020,PRCR,6,0.003,,
1/5/2020,RIST,1,0.004,,
1/5/2020,RIST,3,0.007,,
1/5/2020,RIST,5,0.01,appears to contain wood frass,removed some
1/5/2020,RIST,6,0.001,,
1/10/2020,AUCA,1,0.012,,
1/10/2020,AUCA,2,0.003,,
1/10/2020,AUCA,3,0.003,appears to contain poop from other insect,pass
1/10/2020,AUCA,6,0.004,,
1/10/2020,BIVA,1,0,,
1/10/2020,BIVA,3,0.007,,
1/10/2020,BIVA,4,0.003,,
1/10/2020,BIVA,5,0,,
1/10/2020,BIVA,6,0,,
1/10/2020,BOWA,1,0.01,,
1/10/2020,BOWA,2,0.005,,
1/10/2020,BOWA,3,0.006,,
1/10/2020,BOWA,4,0,appears to be wood frass,removed
1/10/2020,BOWA,5,0.012,,
1/10/2020,COFR,1,0.001,,
1/10/2020,COFR,2,0,,
1/10/2020,COFR,3,0,,
1/10/2020,COFR,4,0.006,,
1/10/2020,COFR,5,0,,
1/10/2020,DEMI,1,0.019,,
1/10/2020,DEMI,2,0.012,,
1/10/2020,DEMI,3,0,,
1/10/2020,DEMI,5,0.007,,
1/10/2020,DEMI,6,0.003,,
1/10/2020,JOMA,1,0,,
1/10/2020,JOMA,3,0,,
1/10/2020,PRCR,1,0.002,,
1/10/2020,PRCR,2,0,,
1/10/2020,PRCR,3,0,,
1/10/2020,PRCR,4,0.019,,
1/10/2020,PRCR,5,0,,
1/10/2020,PRCR,6,0.001,,
1/10/2020,RIST,3,0.009,,
1/10/2020,RIST,5,0.012,,
1/10/2020,RIST,6,0.004,,
1/12/2020,BACA,1,0,,
1/12/2020,BACA,2,0,,
1/12/2020,BACA,3,0.004,,
1/12/2020,BACA,4,0.08,,
1/12/2020,BACA,5,0,,
1/12/2020,BACA,6,0.024,appears to contain wood frass,removed and reweighed
1/17/2020,AUCA,1,0.071,,
1/17/2020,AUCA,2,0.014,,
1/17/2020,AUCA,3,0,,
1/17/2020,AUCA,4,0.009,,
1/17/2020,AUCA,5,0,,
1/17/2020,AUCA,6,0.017,,
1/17/2020,BIVA,1,0.004,,
1/17/2020,BIVA,2,0,,
1/17/2020,BIVA,3,0.008,,
1/17/2020,BIVA,4,0.001,appears to contain wood frass,removed
1/17/2020,BIVA,5,0.015,,
1/17/2020,BIVA,6,0.005,,
1/17/2020,BOWA,1,0.005,,
1/17/2020,BOWA,2,0.016,appears to contain wood frass,removed some and reweighed
1/17/2020,BOWA,3,0.032,,
1/17/2020,BOWA,4,0.016,appears to contain wood frass,removed some and reweighed
1/17/2020,BOWA,5,0.011,appears to contain wood frass,removed some and reweighed
1/17/2020,BOWA,6,0.003,,
1/17/2020,COFR,1,0.007,appears to contain poop from other insect,pass
1/17/2020,COFR,2,0.003,,
1/17/2020,COFR,4,0.004,,
1/17/2020,COFR,5,0.012,,
1/17/2020,COFR,6,0.011,,
1/17/2020,DEMI,1,0,,
1/17/2020,DEMI,2,0.021,,
1/17/2020,DEMI,3,0.024,appears to contain wood frass,removed some and reweighed
1/17/2020,DEMI,4,0.15,,
1/17/2020,DEMI,5,0.002,,
1/17/2020,DEMI,6,0.003,appears to contain wood frass,removed some and reweighed
1/17/2020,JOMA,1,0.23,appears to contain wood frass,removed some and reweighed
1/17/2020,JOMA,2,0.005,,
1/17/2020,JOMA,4,0.019,doesn't appear to be lep frass,removed
1/17/2020,JOMA,5,0,,
1/17/2020,PRCR,1,0.01,,
1/17/2020,PRCR,2,0.014,appears to contain wood frass,removed and reweighed
1/17/2020,PRCR,3,0.006,,
1/17/2020,PRCR,4,0.027,,
1/17/2020,PRCR,5,0,,
1/17/2020,PRCR,6,0.003,,
1/17/2020,RIST,2,0.051,,
1/17/2020,RIST,4,0.016,,
1/17/2020,RIST,5,0.036,,
1/17/2020,RIST,6,0.017,,
1/18/2020,BACA,2,0.02,,
1/18/2020,BACA,4,0.056,,
1/18/2020,BACA,5,0.001,,
1/18/2020,BACA,6,0,appears to be wood frass,removed
1/24/2020,AUCA,1,0.029,,
1/24/2020,AUCA,2,0,,
1/24/2020,AUCA,5,0,,
1/24/2020,AUCA,6,0.002,,
1/24/2020,BACA,1,0,,
1/24/2020,BACA,3,0,,
1/24/2020,BACA,4,0.03,,
1/24/2020,BACA,6,0,appears to be wood frass,removed
1/24/2020,BACA,5,0,,
1/24/2020,BIVA,1,0,,
1/24/2020,BIVA,2,0.002,,
1/24/2020,BIVA,3,0.004,,
1/24/2020,BIVA,4,0.009,,
1/24/2020,BIVA,5,0.005,,
1/24/2020,BIVA,6,0.002,,
1/24/2020,BOWA,1,0.007,,
1/24/2020,BOWA,2,0,,
1/24/2020,BOWA,3,0.008,appears to be wood frass,removed and reweighed
1/24/2020,BOWA,6,0,,
1/24/2020,COFR,1,0.014,,
1/24/2020,COFR,2,0,,
1/24/2020,COFR,3,0,,
1/24/2020,COFR,4,0.003,,
1/24/2020,COFR,5,0,,
1/24/2020,COFR,6,0,,
1/24/2020,DEMI,2,0.003,,
1/24/2020,DEMI,3,0,appears to contain plant material,zero so skipped
1/24/2020,DEMI,4,0.029,,
1/24/2020,DEMI,6,0.001,,
1/24/2020,DEMI,5,0,,
1/24/2020,JOMA,1,0.001,,
1/24/2020,JOMA,3,0,appears to be wood frass,removed
1/24/2020,JOMA,4,0,,
1/24/2020,JOMA,5,0,,
1/24/2020,JOMA,6,0.003,,
1/24/2020,JOMA,2,0,,
1/24/2020,PRCR,1,0.002,,
1/24/2020,PRCR,2,0.003,,
1/24/2020,PRCR,4,0.01,,
1/24/2020,PRCR,6,0,,
1/24/2020,RIST,2,0.007,,
1/24/2020,RIST,3,0.011,,
1/24/2020,RIST,4,0.011,,
1/24/2020,RIST,5,0.008,,
1/24/2020,RIST,6,0.004,,
1/31/2020,AUCA,1,0.166,,
1/31/2020,AUCA,3,0.001,,
1/31/2020,AUCA,5,0.002,,
1/31/2020,BIVA,2,0,,
1/31/2020,BIVA,3,0.005,,
1/31/2020,BIVA,5,0.007,,
1/31/2020,BIVA,6,0.012,,
1/31/2020,BOWA,2,0.001,,
1/31/2020,BOWA,3,0.001,,
1/31/2020,BOWA,4,0,,
1/31/2020,BOWA,5,0.002,,
1/31/2020,COFR,1,0.019,,
1/31/2020,COFR,3,0,,
1/31/2020,COFR,4,0.007,,
1/31/2020,COFR,5,0,,
1/31/2020,COFR,2,0,,
1/31/2020,COFR,6,0,,
1/31/2020,DEMI,1,0,,
1/31/2020,DEMI,2,0,,
1/31/2020,DEMI,3,0.004,,
1/31/2020,DEMI,4,0.105,,
1/31/2020,DEMI,6,0.004,,
1/31/2020,JOMA,1,0.004,,
1/31/2020,JOMA,2,0,,
1/31/2020,JOMA,4,0.012,,
1/31/2020,JOMA,6,0.008,,
1/31/2020,PRCR,3,0.005,,
1/31/2020,PRCR,4,0.023,,
1/31/2020,PRCR,5,0,,
1/31/2020,RIST,1,0.001,,
1/31/2020,RIST,2,0.002,,
1/31/2020,RIST,3,0.003,,
1/31/2020,RIST,4,0,,
1/31/2020,RIST,5,0.002,,
1/31/2020,RIST,6,0.002,,
2/1/2020,BACA,2,0,,
2/1/2020,BACA,4,0.053,,
2/1/2020,BACA,5,0,,
2/1/2020,BACA,6,0.003,,
2/8/2020,BACA,2,0.004,,
2/9/2020,BACA,1,0,,
2/9/2020,BACA,2,0.025,,
2/9/2020,BACA,3,0.001,,
2/9/2020,BACA,4,0.019,,
2/9/2020,BACA,5,0,,
2/9/2020,BIVA,1,0.004,,
2/9/2020,BIVA,2,0,,
2/9/2020,BIVA,3,0.005,,
2/9/2020,BIVA,4,0,,
2/9/2020,BIVA,5,0.002,,
2/9/2020,BIVA,6,0.007,,
2/9/2020,BOWA,1,0.003,,
2/9/2020,BOWA,2,0.001,,
2/9/2020,BOWA,3,0.018,,
2/9/2020,BOWA,4,0,appears to not be frass,zero so skipped
2/9/2020,BOWA,5,0,,
2/9/2020,BOWA,6,0.003,,
2/9/2020,COFR,1,0.02,,
2/9/2020,COFR,2,0.01,,
2/9/2020,COFR,3,0.017,,
2/9/2020,COFR,4,0.021,,
2/9/2020,COFR,5,0.002,,
2/9/2020,COFR,6,0,,
2/9/2020,DEMI,2,0.005,,
2/9/2020,DEMI,3,0.002,,
2/9/2020,DEMI,4,0.033,,
2/9/2020,DEMI,5,0.003,,
2/9/2020,DEMI,6,0.002,,
2/9/2020,JOMA,1,0,,
2/9/2020,JOMA,2,0.001,appears to contain plant material,removed seed and reweighed
2/9/2020,JOMA,3,0.002,,
2/9/2020,JOMA,4,0,,
2/9/2020,JOMA,5,0.012,,
2/9/2020,JOMA,6,0,,
2/9/2020,PRCR,2,0,,
2/9/2020,PRCR,3,0.009,,
2/9/2020,PRCR,4,0.005,appears to contain poop from other insect,pass
2/9/2020,PRCR,1,0,,
2/9/2020,PRCR,5,0,,
2/9/2020,PRCR,6,0,,
2/9/2020,RIST,1,0.002,doesn't appear to be frass,pass
2/9/2020,RIST,2,0.001,appears to contain plant material,pass
2/9/2020,RIST,3,0,,
2/9/2020,RIST,4,0.002,,
2/9/2020,RIST,5,0.003,,
2/9/2020,RIST,6,0.012,,
2/14/2020,AUCA,1,0.017,,
2/14/2020,AUCA,2,0.005,,
2/14/2020,AUCA,3,0.005,,
2/14/2020,AUCA,4,0.002,,
2/14/2020,AUCA,5,0.023,,
2/14/2020,AUCA,6,0.004,,
2/14/2020,BACA,3,0,,
2/14/2020,BACA,4,0.011,,
2/14/2020,BACA,6,0.001,,
2/14/2020,BACA,5,0,,
2/14/2020,BIVA,1,0,,
2/14/2020,BIVA,2,0.002,,
2/14/2020,BIVA,3,0.006,appears to contain poop from other insect,pass
2/14/2020,BIVA,5,0.001,,
2/14/2020,BIVA,6,0.003,,
2/14/2020,BIVA,4,0,,
2/14/2020,BOWA,3,0.008,,
2/14/2020,BOWA,4,0,,
2/14/2020,BOWA,1,0,,
2/14/2020,BOWA,2,0,,
2/14/2020,BOWA,5,0,,
2/14/2020,BOWA,6,0,,
2/14/2020,COFR,3,0,,
2/14/2020,COFR,4,0.003,,
2/14/2020,COFR,6,0,,
2/14/2020,COFR,2,0,,
2/14/2020,COFR,5,0,,
2/14/2020,DEMI,1,0,,
2/14/2020,DEMI,3,0.001,,
2/14/2020,DEMI,4,0,,
2/14/2020,DEMI,5,0,,
2/14/2020,DEMI,6,0,,
2/14/2020,JOMA,1,0.002,,
2/14/2020,JOMA,3,0.004,appears to contain wood frass,removed and reweighed
2/14/2020,JOMA,6,0.022,,
2/14/2020,PRCR,1,0.007,appears to contian poop from other insect,pass
2/14/2020,PRCR,2,0,,
2/14/2020,PRCR,3,0.011,,
2/14/2020,PRCR,4,0,"appears to be plant material, not frass",zero so skipped
2/14/2020,PRCR,5,0,,
2/14/2020,PRCR,6,0,,
2/14/2020,RIST,1,0,,
2/14/2020,RIST,2,0,,
2/14/2020,RIST,3,0.008,,
2/14/2020,RIST,5,0,,
2/14/2020,RIST,6,0.014,,
2/14/2020,RIST,4,0,,
2/21/2020,AUCA,4,0,,
2/21/2020,AUCA,3,0,,
2/21/2020,AUCA,5,0,,
2/21/2020,AUCA,6,0,,
2/21/2020,BACA,1,0.001,,
2/21/2020,BACA,4,0.037,,
2/21/2020,BACA,6,0.008,,
2/21/2020,BACA,2,0,,
2/21/2020,BACA,4,0,,
2/21/2020,BACA,5,0,,
2/21/2020,BIVA,1,0.003,,
2/21/2020,BIVA,3,0.002,,
2/21/2020,BIVA,6,0.008,,
2/21/2020,COFR,1,0.003,,
2/21/2020,COFR,3,0,,
2/21/2020,COFR,4,0.004,,
2/21/2020,COFR,6,0.007,,
2/21/2020,COFR,5,0,,
2/21/2020,DEMI,4,0.019,,
2/21/2020,DEMI,5,0.003,,
2/21/2020,DEMI,6,0.004,,
2/21/2020,DEMI,1,0,,
2/21/2020,DEMI,3,0,,
2/21/2020,JOMA,1,0.002,,
2/21/2020,JOMA,2,0,,
2/21/2020,JOMA,3,0,,
2/21/2020,JOMA,6,0,,
2/21/2020,JOMA,4,0,,
2/21/2020,JOMA,5,0,,
2/21/2020,PRCR,1,0.003,,
2/21/2020,PRCR,2,0.001,,
2/21/2020,PRCR,4,0.009,,
2/21/2020,PRCR,3,0,,
2/21/2020,PRCR,5,0,,
2/21/2020,PRCR,6,0,,
2/21/2020,RIST,4,0,,
2/21/2020,RIST,5,0.004,,
2/21/2020,RIST,6,0.003,,
2/21/2020,RIST,1,0,,
2/21/2020,RIST,2,0,,
2/21/2020,RIST,3,0,,
2/28/2020,AUCA,1,0.003,appears to contain plant material,pass
2/28/2020,AUCA,2,0.006,,
2/28/2020,AUCA,4,0.013,,
2/28/2020,AUCA,5,0,,
2/28/2020,AUCA,6,0,,
2/28/2020,AUCA,3,0,,
2/28/2020,BACA,2,0.002,,
2/28/2020,BACA,3,0,,
2/28/2020,BACA,4,0.015,,
2/28/2020,BACA,6,0.008,,
2/28/2020,BACA,1,0,,
2/28/2020,BACA,5,0,,
2/28/2020,BIVA,2,0.003,,
2/28/2020,BIVA,3,0.035,,
2/28/2020,BIVA,5,0.008,appears to contain poop from other insect,pass
2/28/2020,BIVA,6,0.002,,
2/28/2020,BOWA,1,0.006,,
2/28/2020,BOWA,2,0.002,,
2/28/2020,BOWA,3,0,appears to contain poop from other insect,removed
2/28/2020,BOWA,4,0.001,,
2/28/2020,BOWA,5,0,,
2/28/2020,BOWA,6,0,,
2/28/2020,COFR,1,0.002,,
2/28/2020,COFR,2,0,,
2/28/2020,COFR,3,0.002,,
2/28/2020,COFR,4,0.013,,
2/28/2020,COFR,5,0,,
2/28/2020,COFR,6,0.003,,
2/28/2020,DEMI,1,0.005,,
2/28/2020,DEMI,2,0,appears to contain plant material,zero so skipped
2/28/2020,DEMI,3,0.001,,
2/28/2020,DEMI,4,0.001,,
2/28/2020,DEMI,5,0,,
2/28/2020,DEMI,6,0,appears to contain poop from other insect,probably mouse. made zero but kept in jar
2/28/2020,JOMA,1,0,,
2/28/2020,JOMA,2,0.003,,
2/28/2020,JOMA,3,0,appers to contain poop from other insect,probably mouse. made zero but kept in jar
2/28/2020,JOMA,4,0.003,,
2/28/2020,JOMA,5,0,,
2/28/2020,JOMA,6,0,,
2/28/2020,PRCR,1,0.007,,
2/28/2020,PRCR,2,0.005,,
2/28/2020,PRCR,4,0.06,,
2/28/2020,PRCR,5,0,,
2/28/2020,PRCR,6,0,,
2/28/2020,PRCR,3,0,,
2/28/2020,RIST,2,0.023,appears to contain poop from other insect,pass
2/28/2020,RIST,3,0,,
2/28/2020,RIST,4,0.001,,
2/28/2020,RIST,5,0.024,,
2/28/2020,RIST,1,0,,
2/28/2020,RIST,6,0,,
