"","eventDate","Location","tubeNumber","macroCount","photoStart","photoEnd","Family","photoStartNum","photoEndNum"
"1",2019-03-10,"AUCA",NA,1,"26494738","26494738",NA,NA,NA
"2",2019-03-10,"AUCA",NA,2,"26494879","26494879",NA,NA,NA
"3",2019-03-10,"AUCA",NA,3,"26495612","26495612",NA,NA,NA
"4",2019-03-10,"AUCA",NA,4,"26495936","26495936",NA,NA,NA
"5",2019-03-10,"AUCA",NA,5,"26496389","26496389",NA,NA,NA
"6",2019-03-10,"AUCA",NA,6,"26496667","26496667",NA,NA,NA
"7",2019-03-10,"AUCA",NA,7,"26497028","26497028",NA,NA,NA
"8",2019-04-07,"AUCA",NA,1,"DSCN6465","DSCN6468",NA,NA,NA
"9",2019-04-07,"AUCA",NA,2,"DSCN6469","DSCN6472",NA,NA,NA
"10",2019-04-07,"AUCA",NA,3,"DSCN6473","DSCN6476",NA,NA,NA
"11",2019-04-07,"AUCA",NA,4,"DSCN6477","DSCN6480",NA,NA,NA
"12",2019-04-07,"AUCA",NA,5,"DSCN6481","DSCN6484",NA,NA,NA
"13",2019-04-07,"AUCA",NA,6,"DSCN6485","DSCN6488",NA,NA,NA
"14",2019-04-07,"AUCA",NA,7,"DSCN6489","DSCN6492",NA,NA,NA
"15",2019-04-07,"AUCA",NA,8,"DSCN6493","DSCN6496",NA,NA,NA
"16",2019-04-07,"AUCA",NA,9,"DSCN6497","DSCN6500",NA,NA,NA
"17",2019-04-21,"AUCA",NA,1,"DSCN6575","DSCN6578",NA,NA,NA
"18",2019-04-21,"AUCA",NA,2,"DSCN6582","DSCN6585",NA,NA,NA
"19",2019-04-21,"AUCA",NA,3,"DSCN6586","DSCN6589",NA,NA,NA
"20",2019-04-21,"AUCA",NA,4,"DSCN6597","DSCN6600",NA,NA,NA
"21",2019-04-21,"AUCA",NA,5,"DSCN6605","DSCN6608",NA,NA,NA
"22",2019-04-21,"AUCA",NA,6,"DSCN6617","DSCN6620",NA,NA,NA
"23",2019-04-21,"AUCA",NA,7,"DSCN6631","DSCN6634",NA,NA,NA
"24",2019-03-16,"AUCA",NA,1,"DSCN6794","DSCN6795",NA,NA,NA
"25",2019-03-16,"AUCA",NA,2,"DSCN6796","DSCN6797",NA,NA,NA
"26",2019-03-16,"AUCA",NA,3,"DSCN6798","DSCN6799",NA,NA,NA
"27",2019-03-16,"AUCA",NA,4,"DSCN6800","DSCN6802",NA,NA,NA
"28",2019-03-16,"AUCA",NA,5,"DSCN6803","DSCN6804",NA,NA,NA
"29",2019-03-16,"AUCA",NA,6,"DSCN6813","DSCN6814",NA,NA,NA
"30",2019-03-16,"AUCA",NA,7,"DSCN6815","DSCN6816",NA,NA,NA
"31",2019-03-16,"AUCA",NA,8,"DSCN6829","DSCN6830",NA,NA,NA
"32",2019-03-16,"AUCA",NA,9,"DSCN6831","DSCN6832",NA,NA,NA
"33",2019-03-16,"AUCA",NA,10,"DSCN6833","DSCN6834",NA,NA,NA
"34",2019-03-16,"AUCA",NA,11,"DSCN6843","DSCN6844",NA,NA,NA
"35",2019-03-16,"AUCA",NA,12,"DSCN6845","DSCN6847",NA,NA,NA
"36",2019-03-16,"AUCA",NA,13,"DSCN6848","DSCN6849",NA,NA,NA
"37",2019-03-16,"AUCA",NA,14,"DSCN6850","DSCN6851",NA,NA,NA
"38",2019-03-16,"AUCA",NA,15,"DSCN6864","DSCN6865",NA,NA,NA
"39",2019-03-16,"AUCA",NA,16,"DSCN6870","DSCN6871",NA,NA,NA
"40",2019-03-16,"AUCA",NA,17,"DSCN6872","DSCN6873",NA,NA,NA
"41",2019-03-16,"AUCA",NA,18,"DSCN6895","DSCN6896",NA,NA,NA
"42",2019-03-16,"AUCA",NA,19,"DSCN6899","DSCN6900","Notodontidae",6899,6900
"43",2019-03-16,"AUCA",NA,20,"DSCN6901","DSCN6902",NA,NA,NA
"44",2019-03-16,"AUCA",NA,21,"DSCN6911","DSCN6914",NA,NA,NA
"45",2019-03-16,"AUCA",NA,22,"DSCN6915","DSCN6916",NA,NA,NA
"46",2019-03-16,"AUCA",NA,23,"DSCN6917","DSCN6918","Notodontidae",6917,6918
"47",2019-03-16,"AUCA",NA,24,"DSCN6935","DSCN6936",NA,NA,NA
"48",2019-03-16,"AUCA",NA,25,"DSCN6937","DSCN6938","Notodontidae",6937,6938
"49",2019-03-16,"AUCA",NA,26,"DSCN6971","DSCN6973",NA,NA,NA
"50",2019-03-16,"AUCA",NA,27,"DSCN6974","DSCN6975",NA,NA,NA
"51",2019-03-16,"AUCA",NA,28,"DSCN6976","DSCN6977",NA,NA,NA
"52",2019-03-16,"AUCA",NA,29,"DSCN6978","DSCN6979",NA,NA,NA
"53",2019-03-16,"AUCA",NA,30,"DSCN6980","DSCN6981",NA,NA,NA
"54",2019-03-16,"AUCA",NA,31,"DSCN6982","DSCN6983",NA,NA,NA
"55",2019-03-10,"BACA",NA,1,"26506828","26506828",NA,NA,NA
"56",2019-03-10,"BACA",NA,2,"26507094","26507094",NA,NA,NA
"57",2019-03-10,"BACA",NA,3,"26507225","26507225",NA,NA,NA
"58",2019-03-16,"BACA",NA,1,"26515796","26515796",NA,NA,NA
"59",2019-03-24,"BACA",NA,1,"DSCN5244","DSCN5249",NA,NA,NA
"60",2019-03-24,"BACA",NA,2,"DSCN5250","DSCN5255",NA,NA,NA
"61",2019-03-24,"BACA",NA,3,"DSCN5256","DSCN5260",NA,NA,NA
"62",2019-04-07,"BACA",NA,1,"26514589","26514589",NA,NA,NA
"63",2019-04-07,"BACA",NA,2,"26514804","26514804",NA,NA,NA
"64",2019-04-14,"BACA",NA,1,"26440285","26440285",NA,NA,NA
"65",2019-04-14,"BACA",NA,2,"26440542","26440542",NA,NA,NA
"66",2019-04-28,"BACA",NA,1,"25630020","25630020",NA,NA,NA
"67",2019-04-28,"BACA",NA,2,"25630260","25630260",NA,NA,NA
"68",2019-04-28,"BACA",NA,3,"25631246","25631246",NA,NA,NA
"69",2019-05-04,"BACA",NA,1,"IMG_1420","IMG_1423",NA,NA,NA
"70",2019-05-22,"BACA",NA,1,"DSCN6792","DSCN6793",NA,NA,NA
"71",2019-03-10,"BIVA",NA,1,"DSCN5360","DSCN5362",NA,NA,NA
"72",2019-03-10,"BIVA",NA,2,"DSCN5415","DSCN5420",NA,NA,NA
"73",2019-03-10,"BIVA",NA,3,"DSCN5421","DSCN5425",NA,NA,NA
"74",2019-03-10,"BIVA",NA,4,"DSCN5426","DSCN5427",NA,NA,NA
"75",2019-03-10,"BIVA",NA,5,"DSCN5428","DSCN5430",NA,NA,NA
"76",2019-03-10,"BIVA",NA,6,"DSCN5431","DSCN5432",NA,NA,NA
"77",2019-03-10,"BIVA",NA,7,"DSCN5437","DSCN5441",NA,NA,NA
"78",2019-03-10,"BIVA",NA,8,"DSCN5464","DSCN5472",NA,NA,NA
"79",2019-03-10,"BIVA",NA,9,"DSCN5477","DSCN5484",NA,NA,NA
"80",2019-03-24,"BIVA",NA,1,"DSCN5182","DSCN5196",NA,NA,NA
"81",2019-03-24,"BIVA",NA,2,"DSCN5198","DSCN5205",NA,NA,NA
"82",2019-03-24,"BIVA",NA,3,"DSCN5206","DSCN5208",NA,NA,NA
"83",2019-03-24,"BIVA",NA,4,"DSCN5213","DSCN5217",NA,NA,NA
"84",2019-03-24,"BIVA",NA,5,"DSCN5226","DSCN5229",NA,NA,NA
"85",2019-04-07,"BIVA",NA,1,"DSCN6353","DSCN6356",NA,NA,NA
"86",2019-04-07,"BIVA",NA,2,"DSCN6357","DSCN6361",NA,NA,NA
"87",2019-04-07,"BIVA",NA,3,"DSCN6362","DSCN6364",NA,NA,NA
"88",2019-04-07,"BIVA",NA,4,"DSCN6365","DSCN6368",NA,NA,NA
"89",2019-04-07,"BIVA",NA,5,"DSCN6369","DSCN6372",NA,NA,NA
"90",2019-04-07,"BIVA",NA,6,"DSCN6373","DSCN6375",NA,NA,NA
"91",2019-04-07,"BIVA",NA,7,"DSCN6382","DSCN6387",NA,NA,NA
"92",2019-04-07,"BIVA",NA,8,"DSCN6388","DSCN6393",NA,NA,NA
"93",2019-04-07,"BIVA",NA,9,"DSCN6394","DSCN6399",NA,NA,NA
"94",2019-04-07,"BIVA",NA,10,"DSCN6400","DSCN6404",NA,NA,NA
"95",2019-04-07,"BIVA",NA,11,"DSCN6405","DSCN6406",NA,NA,NA
"96",2019-04-07,"BIVA",NA,12,"DSCN6407","DSCN6408",NA,NA,NA
"97",2019-04-07,"BIVA",NA,13,"DSCN6409","DSCN6411",NA,NA,NA
"98",2019-04-07,"BIVA",NA,14,"DSCN6412","DSCN6415",NA,NA,NA
"99",2019-04-07,"BIVA",NA,15,"DSCN6416","DSCN6417",NA,NA,NA
"100",2019-04-07,"BIVA",NA,16,"DSCN6418","DSCN6419",NA,NA,NA
"101",2019-04-07,"BIVA",NA,17,"DSCN6420","DSCN6421",NA,NA,NA
"102",2019-04-07,"BIVA",NA,18,"DSCN6423","DSCN6423",NA,NA,NA
"103",2019-04-07,"BIVA",NA,19,"DSCN6424","DSCN6427",NA,NA,NA
"104",2019-04-07,"BIVA",NA,20,"DSCN6428","DSCN6429",NA,NA,NA
"105",2019-04-07,"BIVA",NA,21,"DSCN6430","DSCN6431",NA,NA,NA
"106",2019-04-07,"BIVA",NA,22,"DSCN6432","DSCN6436",NA,NA,NA
"107",2019-04-07,"BIVA",NA,23,"DSCN6437","DSCN6438",NA,NA,NA
"108",2019-04-07,"BIVA",NA,24,"DSCN6439","DSCN6440",NA,NA,NA
"109",2019-04-07,"BIVA",NA,25,"DSCN6441","DSCN6444",NA,NA,NA
"110",2019-04-07,"BIVA",NA,26,"DSCN6445","DSCN6448",NA,NA,NA
"111",2019-04-07,"BIVA",NA,27,"DSCN6449","DSCN6448",NA,NA,NA
"112",2019-04-07,"BIVA",NA,28,"DSCN6449","DSCN6450",NA,NA,NA
"113",2019-04-07,"BIVA",NA,29,"DSCN6451","DSCN6452",NA,NA,NA
"114",2019-04-21,"BIVA",NA,1,"26494371","26494371",NA,NA,NA
"115",2019-04-21,"BIVA",NA,2,"26494697","26494697",NA,NA,NA
"116",2019-04-21,"BIVA",NA,3,"26494912","26494912",NA,NA,NA
"117",2019-04-21,"BIVA",NA,4,"26495239","26495239",NA,NA,NA
"118",2019-04-21,"BIVA",NA,5,"26495494","26495494",NA,NA,NA
"119",2019-04-21,"BIVA",NA,6,"26495774","26495774",NA,NA,NA
"120",2019-04-21,"BIVA",NA,7,"26496000","26496000",NA,NA,NA
"121",2019-04-21,"BIVA",NA,8,"26496293","26496293",NA,NA,NA
"122",2019-04-21,"BIVA",NA,9,"26496639","26496639",NA,NA,NA
"123",2019-05-11,"BOWA","1/2",1,"DSCN5433","DSCN5436",NA,NA,NA
"124",2019-05-11,"BOWA","1/2",2,"DSCN5442","DSCN5445",NA,NA,NA
"125",2019-05-11,"BOWA","1/2",3,"DSCN5446","DSCN5451",NA,NA,NA
"126",2019-05-11,"BOWA","1/2",4,"DSCN5452","DSCN5455",NA,NA,NA
"127",2019-05-11,"BOWA","1/2",5,"DSCN5456","DSCN5459",NA,NA,NA
"128",2019-05-11,"BOWA","1/2",6,"DSCN5460","DSCN5463",NA,NA,NA
"129",2019-05-11,"BOWA","1/2",7,"DSCN5473","DSCN5476",NA,NA,NA
"130",2019-05-22,"BOWA","1/2",1,"DSCN5606","DSCN5609",NA,NA,NA
"131",2019-03-10,"BOWA",NA,1,"DSCN6903","DSCN6905",NA,NA,NA
"132",2019-03-10,"BOWA",NA,2,"DSCN6906","DSCN6908",NA,NA,NA
"133",2019-03-10,"BOWA",NA,3,"DSCN6909","DSCN6910",NA,NA,NA
"134",2019-03-10,"BOWA",NA,4,"DSCN6919","DSCN6922",NA,NA,NA
"135",2019-03-10,"BOWA",NA,5,"DSCN6923","DSCN6926",NA,NA,NA
"136",2019-03-10,"BOWA",NA,6,"DSCN6927","DSCN6930",NA,NA,NA
"137",2019-03-10,"BOWA",NA,7,"DSCN6931","DSCN6934",NA,NA,NA
"138",2019-03-10,"BOWA",NA,8,"DSCN6940","DSCN6942",NA,NA,NA
"139",2019-03-10,"BOWA",NA,9,"DSCN6943","DSCN6947",NA,NA,NA
"140",2019-03-10,"BOWA",NA,10,"DSCN6948","DSCN6952",NA,NA,NA
"141",2019-03-10,"BOWA",NA,11,"DSCN6953","DSCN6954",NA,NA,NA
"142",2019-03-10,"BOWA",NA,12,"DSCN6955","DSCN6959",NA,NA,NA
"143",2019-03-10,"BOWA",NA,13,"DSCN6960","DSCN6963",NA,NA,NA
"144",2019-03-10,"BOWA",NA,14,"DSCN6964","DSCN6965",NA,NA,NA
"145",2019-03-10,"BOWA",NA,15,"DSCN6966","DSCN6968",NA,NA,NA
"146",2019-03-10,"BOWA",NA,16,"DSCN6969","DSCN6970",NA,NA,NA
"147",2019-03-10,"COFR",NA,1,"DSCN5209","DSCN5212",NA,NA,NA
"148",2019-03-10,"COFR",NA,2,"DSCN5218","DSCN5222",NA,NA,NA
"149",2019-03-10,"COFR",NA,3,"DSCN5223","DSCN5225",NA,NA,NA
"150",2019-03-10,"COFR",NA,4,"DSCN5230","DSCN5236",NA,NA,NA
"151",2019-03-10,"COFR",NA,5,"DSCN5237","DSCN5242",NA,NA,NA
"152",2019-03-16,"COFR",NA,1,"26513187","26513187",NA,NA,NA
"153",2019-03-16,"COFR",NA,2,"26513268","26513268",NA,NA,NA
"154",2019-03-24,"COFR",NA,1,"DSCN5103","DSCN5106",NA,NA,NA
"155",2019-03-24,"COFR",NA,2,"DSCN5137","DSCN5149",NA,NA,NA
"156",2019-03-24,"COFR",NA,3,"DSCN5145","DSCN5147",NA,NA,NA
"157",2019-03-24,"COFR",NA,4,"DSCN5156","DSCN5158",NA,NA,NA
"158",2019-03-24,"COFR",NA,5,"DSCN5173","DSCN5176",NA,NA,NA
"159",2019-03-24,"COFR",NA,6,"DSCN5187","DSCN5187",NA,NA,NA
"160",2019-03-31,"COFR",NA,1,"DSCN6031","DSCN6033",NA,NA,NA
"161",2019-03-31,"COFR",NA,2,"DSCN6034","DSCN6039",NA,NA,NA
"162",2019-03-31,"COFR",NA,3,"DSCN6040","DSCN6043",NA,NA,NA
"163",2019-03-31,"COFR",NA,4,"DSCN6044","DSCN6047",NA,NA,NA
"164",2019-03-31,"COFR",NA,5,"DSCN6048","DSCN6049",NA,NA,NA
"165",2019-03-31,"COFR",NA,6,"DSCN6050","DSCN6052",NA,NA,NA
"166",2019-03-31,"COFR",NA,7,"DSCN6053","DSCN6054",NA,NA,NA
"167",2019-03-31,"COFR",NA,8,"DSCN6055","DSCN6056",NA,NA,NA
"168",2019-03-31,"COFR",NA,9,"DSCN6071","DSCN6076",NA,NA,NA
"169",2019-03-31,"COFR",NA,10,"DSCN6077","DSCN6081",NA,NA,NA
"170",2019-03-31,"COFR",NA,11,"DSCN6082","DSCN6088",NA,NA,NA
"171",2019-03-31,"COFR",NA,12,"DSCN6094","DSCN6098",NA,NA,NA
"172",2019-03-31,"COFR",NA,13,"DSCN6099","DSCN6102",NA,NA,NA
"173",2019-03-31,"COFR",NA,14,"DSCN6103","DSCN6104",NA,NA,NA
"174",2019-03-31,"COFR",NA,15,"DSCN6105","DSCN6110",NA,NA,NA
"175",2019-03-31,"COFR",NA,16,"DSCN6111","DSCN6116",NA,NA,NA
"176",2019-03-31,"COFR",NA,17,"DSCN6117","DSCN6122",NA,NA,NA
"177",2019-03-31,"COFR",NA,18,"DSCN6123","DSCN6131",NA,NA,NA
"178",2019-03-31,"COFR",NA,19,"DSCN6132","DSCN6137",NA,NA,NA
"179",2019-03-31,"COFR",NA,20,"DSCN6138","DSCN6148",NA,NA,NA
"180",2019-03-31,"COFR",NA,21,"DSCN6149","DSCN6153",NA,NA,NA
"181",2019-04-21,"COFR",NA,1,"DSCN6527","DSCN6530",NA,NA,NA
"182",2019-04-21,"COFR",NA,2,"DSCN6531","DSCN6534",NA,NA,NA
"183",2019-04-21,"COFR",NA,3,"DSCN6535","DSCN6538",NA,NA,NA
"184",2019-04-21,"COFR",NA,4,"DSCN6540","DSCN6541",NA,NA,NA
"185",2019-04-21,"COFR",NA,5,"DSCN6549","DSCN6552",NA,NA,NA
"186",2019-04-21,"COFR",NA,6,"DSCN6553","DSCN6556",NA,NA,NA
"187",2019-04-21,"COFR",NA,7,"DSCN6561","DSCN6564",NA,NA,NA
"188",2019-04-21,"COFR",NA,8,"DSCN6568","DSCN6571",NA,NA,NA
"189",2019-05-22,"COFR",NA,1,"DSCN5684","DSCN5686",NA,NA,NA
"190",2019-05-22,"COFR",NA,2,"DSCN5687","DSCN5691",NA,NA,NA
"191",2019-05-22,"COFR",NA,3,"DSCN5692","DSCN5696",NA,NA,NA
"192",2019-05-22,"COFR",NA,4,"DSCN5697","DSCN5700",NA,NA,NA
"193",2019-05-22,"COFR",NA,5,"DSCN5701","DSCN5705",NA,NA,NA
"194",2019-05-22,"COFR",NA,6,"DSCN5706","DSCN5711",NA,NA,NA
"195",2019-05-22,"COFR",NA,7,"DSCN5712","DSCN5718",NA,NA,NA
"196",2019-05-22,"COFR",NA,8,"DSCN5719","DSCN5721",NA,NA,NA
"197",2019-05-22,"COFR",NA,9,"DSCN5733","DSCN5736",NA,NA,NA
"198",2019-05-22,"COFR",NA,10,"DSCN5741","DSCN5743",NA,NA,NA
"199",2019-05-22,"COFR",NA,11,"DSCN5748","DSCN5755",NA,NA,NA
"200",2019-05-22,"COFR",NA,12,"DSCN5756","DSCN5761",NA,NA,NA
"201",2019-05-22,"COFR",NA,13,"DSCN5770","DSCN5775",NA,NA,NA
"202",2019-05-22,"COFR",NA,14,"DSCN5776","DSCN5779",NA,NA,NA
"203",2019-05-22,"COFR",NA,15,"DSCN5780","DSCN5783",NA,NA,NA
"204",2019-05-22,"COFR",NA,16,"DSCN5788","DSCN5794",NA,NA,NA
"205",2019-05-22,"COFR",NA,17,"DSCN5803","DSCN5807",NA,NA,NA
"206",2019-05-22,"COFR",NA,18,"DSCN5808","DSCN5812",NA,NA,NA
"207",2019-05-22,"COFR",NA,19,"DSCN5817","DSCN5822",NA,NA,NA
"208",2019-05-22,"COFR",NA,20,"DSCN5831","DSCN5836",NA,NA,NA
"209",2019-05-22,"COFR",NA,21,"DSCN5841","DSCN5847",NA,NA,NA
"210",2019-05-22,"COFR",NA,22,"DSCN5848","DSCN5853",NA,NA,NA
"211",2019-05-22,"COFR",NA,23,"DSCN5854","DSCN5857",NA,NA,NA
"212",2019-05-22,"COFR",NA,24,"DSCN5858","DSCN5863",NA,NA,NA
"213",2019-06-08,"COFR",NA,1,"DSCN5617","DSCN5622",NA,NA,NA
"214",2019-06-08,"COFR",NA,2,"DSCN5623","DSCN5626",NA,NA,NA
"215",2019-06-08,"COFR",NA,3,"DSCN5627","DSCN5633",NA,NA,NA
"216",2019-06-08,"COFR",NA,4,"DSCN5634","DSCN5637",NA,NA,NA
"217",2019-06-08,"COFR",NA,5,"DSCN5662","DSCN5665",NA,NA,NA
"218",2019-06-08,"COFR",NA,6,"DSCN5666","DSCN5669",NA,NA,NA
"219",2019-06-08,"COFR",NA,7,"DSCN5670","DSCN5670",NA,NA,NA
"220",2019-06-08,"COFR",NA,8,"DSCN5671","DSCN5674",NA,NA,NA
"221",2019-06-08,"COFR",NA,9,"DSCN5675","DSCN5680",NA,NA,NA
"222",2019-06-08,"COFR",NA,10,"DSCN5681","DSCN5683",NA,NA,NA
"223",2019-04-07,"COFR",NA,1,"DSCN7232","DSCN7233",NA,NA,NA
"224",2019-04-07,"COFR",NA,2,"DSCN7237","DSCN7238",NA,NA,NA
"225",2019-04-07,"COFR",NA,3,"DSCN7245","DSCN7246",NA,NA,NA
"226",2019-06-08,"DEMI",NA,1,"DSCN5722","DSCN5725",NA,NA,NA
"227",2019-06-08,"DEMI",NA,2,"DSCN5726","DSCN5731",NA,NA,NA
"228",2019-06-08,"DEMI",NA,3,"DSCN5737","DSCN5740",NA,NA,NA
"229",2019-06-08,"DEMI",NA,4,"DSCN5744","DSCN5747",NA,NA,NA
"230",2019-06-08,"DEMI",NA,5,"DSCN5762","DSCN5765",NA,NA,NA
"231",2019-06-08,"DEMI",NA,6,"DSCN5766","DSCN5769",NA,NA,NA
"232",2019-06-08,"DEMI",NA,7,"DSCN5784","DSCN5787",NA,NA,NA
"233",2019-06-08,"DEMI",NA,8,"DSCN5795","DSCN5798",NA,NA,NA
"234",2019-06-08,"DEMI",NA,9,"DSCN5799","DSCN5802",NA,NA,NA
"235",2019-06-08,"DEMI",NA,10,"DSCN5813","DSCN5816",NA,NA,NA
"236",2019-06-08,"DEMI",NA,11,"DSCN5823","DSCN5826",NA,NA,NA
"237",2019-06-08,"DEMI",NA,12,"DSCN5827","DSCN5830",NA,NA,NA
"238",2019-06-08,"DEMI",NA,13,"DSCN5837","DSCN5840",NA,NA,NA
"239",2019-04-28,"DEMI",NA,1,"25633843","25633843",NA,NA,NA
"240",2019-04-28,"DEMI",NA,2,"25634237","25634237",NA,NA,NA
"241",2019-04-28,"DEMI",NA,3,"25634692","25634692",NA,NA,NA
"242",2019-04-28,"DEMI",NA,4,"25635319","25635319",NA,NA,NA
"243",2019-04-28,"DEMI",NA,5,"25636077","25636077",NA,NA,NA
"244",2019-04-28,"DEMI",NA,6,"25636425","25636425",NA,NA,NA
"245",2019-04-28,"DEMI",NA,7,"25636952","25636952",NA,NA,NA
"246",2019-04-28,"DEMI",NA,8,"25637203","25637203",NA,NA,NA
"247",2019-04-28,"DEMI",NA,9,"25637563","25637563",NA,NA,NA
"248",2019-04-28,"DEMI",NA,10,"25638132","25638132",NA,NA,NA
"249",2019-04-28,"DEMI",NA,11,"25638789","25638789",NA,NA,NA
"250",2019-04-28,"DEMI",NA,12,"25639182","25639182",NA,NA,NA
"251",2019-04-28,"DEMI",NA,13,"26506525","26506525",NA,NA,NA
"252",2019-04-28,"DEMI",NA,14,"26506943","26506943",NA,NA,NA
"253",2019-04-28,"DEMI",NA,15,"26507869","26507869",NA,NA,NA
"254",2019-04-28,"DEMI",NA,16,"26508155","26508155",NA,NA,NA
"255",2019-04-28,"DEMI",NA,17,"26508463","26508463",NA,NA,NA
"256",2019-04-28,"DEMI",NA,18,"26508746","26508746",NA,NA,NA
"257",2019-04-28,"DEMI",NA,19,"26508938","26508938",NA,NA,NA
"258",2019-04-28,"DEMI",NA,20,"26510796","26510796",NA,NA,NA
"259",2019-04-28,"DEMI",NA,21,"26510852","26510852",NA,NA,NA
"260",2019-04-28,"DEMI",NA,22,"26510950","26510950",NA,NA,NA
"261",2019-03-24,"DEMI",NA,1,"DSCN5098","DSCN5100",NA,NA,NA
"262",2019-03-24,"DEMI",NA,2,"DSCN5111","DSCN5119",NA,NA,NA
"263",2019-03-24,"DEMI",NA,3,"DSCN5120","DSCN5128",NA,NA,NA
"264",2019-03-24,"DEMI",NA,4,"DSCN5129","DSCN5132",NA,NA,NA
"265",2019-03-24,"DEMI",NA,5,"DSCN5133","DSCN5136",NA,NA,NA
"266",2019-03-24,"DEMI",NA,6,"DSCN5141","DSCN5144",NA,NA,NA
"267",2019-03-24,"DEMI",NA,7,"DSCN5163","DSCN5167",NA,NA,NA
"268",2019-03-24,"DEMI",NA,8,"DSCN5168","DSCN5169",NA,NA,NA
"269",2019-03-31,"DEMI",NA,1,"DSCN5975","DSCN5977",NA,NA,NA
"270",2019-03-31,"DEMI",NA,2,"DSCN5978","DSCN5983",NA,NA,NA
"271",2019-03-31,"DEMI",NA,3,"DSCN5989","DSCN5993",NA,NA,NA
"272",2019-03-31,"DEMI",NA,4,"DSCN5994","DSCN5997",NA,NA,NA
"273",2019-03-31,"DEMI",NA,5,"DSCN5998","DSCN6003",NA,NA,NA
"274",2019-03-31,"DEMI",NA,6,"DSCN6021","DSCN6025",NA,NA,NA
"275",2019-03-31,"DEMI",NA,7,"DSCN6026","DSCN6030",NA,NA,NA
"276",2019-03-31,"DEMI",NA,8,"DSCN6057","DSCN6062",NA,NA,NA
"277",2019-03-31,"DEMI",NA,9,"DSCN6063","DSCN6066",NA,NA,NA
"278",2019-03-31,"DEMI",NA,10,"DSCN6067","DSCN6070",NA,NA,NA
"279",2019-03-31,"DEMI",NA,11,"DSCN6089","DSCN6093",NA,NA,NA
"280",2019-04-21,"DEMI",NA,1,"DSCN6461","DSCN6464",NA,NA,NA
"281",2019-05-04,"DEMI",NA,1,"DSCN6501","DSCN6504",NA,NA,NA
"282",2019-05-04,"DEMI",NA,2,"DSCN6505","DSCN6508",NA,NA,NA
"283",2019-05-04,"DEMI",NA,3,"DSCN6509","DSCN6513",NA,NA,NA
"284",2019-05-04,"DEMI",NA,4,"DSCN6514","DSCN6517",NA,NA,NA
"285",2019-05-04,"DEMI",NA,5,"DSCN6518","DSCN6521",NA,NA,NA
"286",2019-05-04,"DEMI",NA,6,"DSCN6522","DSCN6526",NA,NA,NA
"287",2019-05-04,"DEMI",NA,7,"DSCN6544","DSCN6548",NA,NA,NA
"288",2019-05-04,"DEMI",NA,8,"DSCN6557","DSCN6559",NA,NA,NA
"289",2019-05-04,"DEMI",NA,9,"DSCN6565","DSCN6567",NA,NA,NA
"290",2019-05-04,"DEMI",NA,10,"DSCN6572","DSCN6574",NA,NA,NA
"291",2019-05-04,"DEMI",NA,11,"DSCN6579","DSCN6581",NA,NA,NA
"292",2019-05-04,"DEMI",NA,12,"DSCN6590","DSCN6593",NA,NA,NA
"293",2019-05-04,"DEMI",NA,13,"DSCN6594","DSCN6596",NA,NA,NA
"294",2019-05-04,"DEMI",NA,14,"DSCN6601","DSCN6604",NA,NA,NA
"295",2019-05-04,"DEMI",NA,15,"DSCN6609","DSCN6611",NA,NA,NA
"296",2019-05-04,"DEMI",NA,16,"DSCN6612","DSCN6615",NA,NA,NA
"297",2019-05-04,"DEMI",NA,17,"DSCN6621","DSCN6623",NA,NA,NA
"298",2019-05-04,"DEMI",NA,18,"DSCN6624","DSCN6626",NA,NA,NA
"299",2019-05-04,"DEMI",NA,19,"DSCN6628","DSCN6630",NA,NA,NA
"300",2019-05-04,"DEMI",NA,20,"DSCN6635","DSCN6638",NA,NA,NA
"301",2019-06-08,"JOMA",NA,1,"DSCN5558","DSCN5562",NA,NA,NA
"302",2019-06-08,"JOMA",NA,2,"DSCN5566","DSCN5569",NA,NA,NA
"303",2019-06-08,"JOMA",NA,3,"DSCN5573","DSCN5576",NA,NA,NA
"304",2019-06-08,"JOMA",NA,4,"DSCN5581","DSCN5583",NA,NA,NA
"305",2019-06-08,"JOMA",NA,5,"DSCN5587","DSCN5589",NA,NA,NA
"306",2019-04-21,"JOMA",NA,1,"26439123","26439123",NA,NA,NA
"307",2019-04-21,"JOMA",NA,2,"26439920","26439920",NA,NA,NA
"308",2019-04-21,"JOMA",NA,3,"26440391","26440391",NA,NA,NA
"309",2019-04-21,"JOMA",NA,4,"26440881","26440881",NA,NA,NA
"310",2019-04-21,"JOMA",NA,5,"26441515","26441515",NA,NA,NA
"311",2019-04-21,"JOMA",NA,6,"26441895","26441895",NA,NA,NA
"312",2019-04-21,"JOMA",NA,7,"26442267","26442267",NA,NA,NA
"313",2019-03-31,"JOMA",NA,1,"26442960","26442960",NA,NA,NA
"314",2019-03-31,"JOMA",NA,2,"26443236","26443236",NA,NA,NA
"315",2019-03-31,"JOMA",NA,3,"26443414","26443414",NA,NA,NA
"316",2019-03-31,"JOMA",NA,4,"26443474","26443474",NA,NA,NA
"317",2019-03-31,"JOMA",NA,5,"26443561","26443561",NA,NA,NA
"318",2019-03-24,"JOMA",NA,1,"26511690","26511690",NA,NA,NA
"319",2019-03-24,"JOMA",NA,2,"26511705","26511705",NA,NA,NA
"320",2019-03-24,"JOMA",NA,3,"26511752","26511752",NA,NA,NA
"321",2019-03-10,"JOMA",NA,1,"25630540","25630540",NA,NA,NA
"322",2019-04-14,"JOMA",NA,1,"DSCN6376","DSCN6379",NA,NA,NA
"323",2019-04-14,"JOMA",NA,2,"DSCN6383","DSCN6384",NA,NA,NA
"324",2019-04-14,"JOMA",NA,3,"DSCN6389","DSCN6390",NA,NA,NA
"325",2019-04-14,"JOMA",NA,4,"DSCN6395","DSCN6396",NA,NA,NA
"326",2019-05-22,"PRCR","1/3",1,"DSCN5518","DSCN5521",NA,NA,NA
"327",2019-05-22,"PRCR","1/3",2,"DSCN5522","DSCN5525",NA,NA,NA
"328",2019-05-22,"PRCR","1/3",3,"DSCN5526","DSCN5528",NA,NA,NA
"329",2019-05-22,"PRCR","1/3",4,"DSCN5529","DSCN5531",NA,NA,NA
"330",2019-05-22,"PRCR","1/3",5,"DSCN5532","DSCN5533",NA,NA,NA
"331",2019-05-22,"PRCR","1/3",6,"DSCN5534","DSCN5537",NA,NA,NA
"332",2019-05-22,"PRCR","1/3",7,"DSCN5538","DSCN5539",NA,NA,NA
"333",2019-05-22,"PRCR","1/3",8,"DSCN5540","DSCN5542",NA,NA,NA
"334",2019-05-22,"PRCR","1/3",9,"DSCN5543","DSCN5546",NA,NA,NA
"335",2019-05-22,"PRCR","1/3",10,"DSCN5547","DSCN5549",NA,NA,NA
"336",2019-05-22,"PRCR","1/3",11,"DSCN5550","DSCN5552",NA,NA,NA
"337",2019-05-22,"PRCR","1/3",12,"DSCN5553","DSCN5557",NA,NA,NA
"338",2019-05-22,"PRCR","1/3",13,"DSCN5563","DSCN5565",NA,NA,NA
"339",2019-05-22,"PRCR","1/3",14,"DSCN5570","DSCN5572",NA,NA,NA
"340",2019-05-22,"PRCR","1/3",15,"DSCN5577","DSCN5580",NA,NA,NA
"341",2019-05-22,"PRCR","1/3",16,"DSCN5584","DSCN5586",NA,NA,NA
"342",2019-05-22,"PRCR","1/3",17,"DSCN5590","DSCN5592",NA,NA,NA
"343",2019-05-22,"PRCR","1/3",18,"DSCN5593","DSCN5597",NA,NA,NA
"344",2019-05-22,"PRCR","1/3",19,"DSCN5598","DSCN5601",NA,NA,NA
"345",2019-05-22,"PRCR","1/3",20,"DSCN5602","DSCN5605",NA,NA,NA
"346",2019-03-24,"PRCR",NA,1,"DSCN5261","DSCN5271",NA,NA,NA
"347",2019-03-24,"PRCR",NA,2,"DSCN5272","DSCN5280",NA,NA,NA
"348",2019-03-24,"PRCR",NA,3,"DSCN5281","DSCN5289",NA,NA,NA
"349",2019-03-24,"PRCR",NA,4,"DSCN5290","DSCN5293",NA,NA,NA
"350",2019-03-24,"PRCR",NA,5,"DSCN5295","DSCN5301",NA,NA,NA
"351",2019-03-24,"PRCR",NA,6,"DSCN5302","DSCN5307",NA,NA,NA
"352",2019-03-24,"PRCR",NA,7,"DSCN5308","DSCN5315",NA,NA,NA
"353",2019-03-24,"PRCR",NA,8,"DSCN5316","DSCN5323",NA,NA,NA
"354",2019-03-24,"PRCR",NA,9,"DSCN5324","DSCN5333",NA,NA,NA
"355",2019-03-24,"PRCR",NA,10,"DSCN5334","DSCN5337",NA,NA,NA
"356",2019-03-24,"PRCR",NA,11,"DSCN5338","DSCN5344",NA,NA,NA
"357",2019-03-24,"PRCR",NA,12,"DSCN5345","DSCN5347",NA,NA,NA
"358",2019-03-24,"PRCR",NA,13,"DSCN5348","DSCN5348",NA,NA,NA
"359",2019-03-24,"PRCR",NA,14,"DSCN5349","DSCN5350",NA,NA,NA
"360",2019-03-24,"PRCR",NA,15,"DSCN5351","DSCN5352",NA,NA,NA
"361",2019-03-24,"PRCR",NA,16,"DSCN5353","DSCN5357",NA,NA,NA
"362",2019-03-24,"PRCR",NA,17,"DSCN5358","DSCN5359",NA,NA,NA
"363",2019-03-16,"PRCR",NA,1,"25634309","25634309",NA,NA,NA
"364",2019-03-16,"PRCR",NA,2,"25634962","25634962",NA,NA,NA
"365",2019-03-16,"PRCR",NA,3,"25635315","25635315",NA,NA,NA
"366",2019-03-16,"PRCR",NA,4,"25635579","25635579",NA,NA,NA
"367",2019-03-16,"PRCR",NA,5,"25635726","25635726",NA,NA,NA
"368",2019-03-16,"PRCR",NA,6,"25635988","25635988",NA,NA,NA
"369",2019-03-16,"PRCR",NA,7,"25636165","25636165",NA,NA,NA
"370",2019-03-16,"PRCR",NA,8,"25636301","25636301",NA,NA,NA
"371",2019-03-16,"PRCR",NA,9,"25636342","25636342",NA,NA,NA
"372",2019-03-16,"PRCR",NA,10,"25636463","25636463",NA,NA,NA
"373",2019-03-16,"PRCR",NA,11,"25637058","25637058",NA,NA,NA
"374",2019-03-16,"PRCR",NA,12,"25637229","25637229",NA,NA,NA
"375",2019-03-16,"PRCR",NA,13,"25637320","25637320",NA,NA,NA
"376",2019-03-16,"PRCR",NA,14,"25637920","25637920",NA,NA,NA
"377",2019-03-16,"PRCR",NA,15,"26507858","26507858",NA,NA,NA
"378",2019-03-16,"PRCR",NA,16,"26508106","26508106",NA,NA,NA
"379",2019-03-16,"PRCR",NA,17,"26508467","26508467",NA,NA,NA
"380",2019-03-16,"PRCR",NA,18,"26508635","26508635",NA,NA,NA
"381",2019-03-16,"PRCR",NA,19,"26509004","26509004",NA,NA,NA
"382",2019-03-16,"PRCR",NA,20,"26509142","26509142",NA,NA,NA
"383",2019-03-16,"PRCR",NA,21,"26509430","26509430",NA,NA,NA
"384",2019-03-16,"PRCR",NA,22,"26509557","26509557",NA,NA,NA
"385",2019-03-16,"PRCR",NA,23,"26509679","26509679",NA,NA,NA
"386",2019-03-16,"PRCR",NA,24,"26509802","26509802",NA,NA,NA
"387",2019-03-16,"PRCR",NA,25,"26509959","26509959",NA,NA,NA
"388",2019-03-10,"PRCR",NA,1,"DSCN5363","DSCN5366",NA,NA,NA
"389",2019-03-10,"PRCR",NA,2,"DSCN5367","DSCN5370",NA,NA,NA
"390",2019-03-10,"PRCR",NA,3,"DSCN5371","DSCN5374",NA,NA,NA
"391",2019-03-10,"PRCR",NA,4,"DSCN5375","DSCN5378",NA,NA,NA
"392",2019-03-10,"PRCR",NA,5,"DSCN5379","DSCN5382",NA,NA,NA
"393",2019-03-10,"PRCR",NA,6,"DSCN5383","DSCN5386",NA,NA,NA
"394",2019-03-10,"PRCR",NA,7,"DSCN5387","DSCN5390",NA,NA,NA
"395",2019-03-10,"PRCR",NA,8,"DSCN5391","DSCN5394",NA,NA,NA
"396",2019-03-10,"PRCR",NA,9,"DSCN5395","DSCN5398",NA,NA,NA
"397",2019-03-10,"PRCR",NA,10,"DSCN5399","DSCN5402",NA,NA,NA
"398",2019-03-10,"PRCR",NA,11,"DSCN5403","DSCN5406",NA,NA,NA
"399",2019-03-10,"PRCR",NA,12,"DSCN5407","DSCN5410",NA,NA,NA
"400",2019-03-10,"PRCR",NA,13,"DSCN5411","DSCN5414",NA,NA,NA
"401",2019-03-31,"PRCR","1/2",1,"IMG_1306","IMG_1309",NA,NA,NA
"402",2019-03-31,"PRCR","1/2",2,"IMG_1310","IMG_1313",NA,NA,NA
"403",2019-03-31,"PRCR","1/2",3,"IMG_1314","IMG_1317",NA,NA,NA
"404",2019-03-31,"PRCR","1/2",4,"IMG_1318","IMG_1320",NA,NA,NA
"405",2019-03-31,"PRCR","1/2",5,"IMG_1321","IMG_1324",NA,NA,NA
"406",2019-03-31,"PRCR","1/2",6,"IMG_1325","IMG_1328",NA,NA,NA
"407",2019-03-31,"PRCR","1/2",7,"IMG_1329","IMG_1332",NA,NA,NA
"408",2019-03-31,"PRCR","1/2",8,"IMG_1333","IMG_1336",NA,NA,NA
"409",2019-03-31,"PRCR","1/2",9,"IMG_1337","IMG_1340",NA,NA,NA
"410",2019-03-31,"PRCR","1/2",10,"IMG_1341","IMG_1344",NA,NA,NA
"411",2019-03-31,"PRCR","1/2",11,"IMG_1345","IMG_1348",NA,NA,NA
"412",2019-03-31,"PRCR","1/2",12,"IMG_1349","IMG_1352",NA,NA,NA
"413",2019-03-31,"PRCR","1/2",13,"IMG_1353","IMG_1356",NA,NA,NA
"414",2019-03-31,"PRCR","1/2",14,"IMG_1357","IMG_1360",NA,NA,NA
"415",2019-03-31,"PRCR","1/2",15,"IMG_1361","IMG_1364",NA,NA,NA
"416",2019-03-31,"PRCR","1/2",16,"IMG_1365","IMG_1368",NA,NA,NA
"417",2019-03-31,"PRCR","1/2",17,"IMG_1369","IMG_1372",NA,NA,NA
"418",2019-03-31,"PRCR","1/2",18,"IMG_1373","IMG_1377",NA,NA,NA
"419",2019-03-31,"PRCR","1/2",19,"IMG_1378","IMG_1381",NA,NA,NA
"420",2019-03-31,"PRCR","1/2",20,"IMG_1382","IMG_1386",NA,NA,NA
"421",2019-03-31,"PRCR","1/2",21,"IMG_1387","IMG_1390",NA,NA,NA
"422",2019-03-31,"PRCR","1/2",22,"IMG_1391","IMG_1394",NA,NA,NA
"423",2019-03-31,"PRCR","1/2",23,"IMG_1395","IMG_1398",NA,NA,NA
"424",2019-03-31,"PRCR","1/2",24,"IMG_1399","IMG_1401",NA,NA,NA
"425",2019-03-31,"PRCR","1/2",25,"IMG_1402","IMG_1405",NA,NA,NA
"426",2019-03-31,"PRCR","1/2",26,"IMG_1406","IMG_1408",NA,NA,NA
"427",2019-03-31,"PRCR","1/2",27,"IMG_1409","IMG_1412",NA,NA,NA
"428",2019-03-31,"PRCR","1/2",28,"IMG_1413","IMG_1415",NA,NA,NA
"429",2019-03-31,"PRCR","1/2",29,"IMG_1416","IMG_1419",NA,NA,NA
"430",2019-04-07,"PRCR","2/2",1,"DSCN7192","DSCN7195",NA,NA,NA
"431",2019-04-07,"PRCR","2/2",2,"DSCN7196","DSCN7198",NA,NA,NA
"432",2019-04-07,"PRCR","2/2",3,"DSCN7199","DSCN7200",NA,NA,NA
"433",2019-04-07,"PRCR","2/2",4,"DSCN7201","DSCN7203",NA,NA,NA
"434",2019-04-07,"PRCR","2/2",5,"DSCN7204","DSCN7205",NA,NA,NA
"435",2019-04-07,"PRCR","2/2",6,"DSCN7206","DSCN7208",NA,NA,NA
"436",2019-04-07,"PRCR","2/2",7,"DSCN7209","DSCN7211",NA,NA,NA
"437",2019-04-07,"PRCR","2/2",8,"DSCN7212","DSCN7215",NA,NA,NA
"438",2019-04-07,"PRCR","2/2",9,"DSCN7216","DSCN7218",NA,NA,NA
"439",2019-04-07,"PRCR","2/2",10,"DSCN7219","DSCN7220",NA,NA,NA
"440",2019-04-07,"PRCR","2/2",11,"DSCN7221","DSCN7223",NA,NA,NA
"441",2019-04-07,"PRCR","2/2",12,"DSCN7224","DSCN7224",NA,NA,NA
"442",2019-04-07,"PRCR","2/2",13,"DSCN7225","DSCN7231",NA,NA,NA
"443",2019-06-15,"PRCR","1/3",1,"DSCN7253","DSCN7254",NA,NA,NA
"444",2019-06-15,"PRCR","1/3",2,"DSCN7255","DSCN7256",NA,NA,NA
"445",2019-06-15,"PRCR","1/3",3,"DSCN7263","DSCN7264",NA,NA,NA
"446",2019-06-15,"PRCR","1/3",4,"DSCN7268","DSCN7269",NA,NA,NA
"447",2019-06-15,"PRCR","1/3",5,"DSCN7273","DSCN7275",NA,NA,NA
"448",2019-05-22,"RIST","1/2",1,"DSCN5658","DSCN5661",NA,NA,NA
"449",2019-05-22,"RIST","1/2",2,"DSCN5654","DSCN5657",NA,NA,NA
"450",2019-05-22,"RIST","1/2",3,"DSCN5650","DSCN5653",NA,NA,NA
"451",2019-05-22,"RIST","1/2",4,"DSCN5646","DSCN5649",NA,NA,NA
"452",2019-05-22,"RIST","1/2",5,"DSCN5642","DSCN5645",NA,NA,NA
"453",2019-05-22,"RIST","1/2",6,"DSCN5610","DSCN5614",NA,NA,NA
"454",2019-05-22,"RIST","1/2",7,"DSCN5638","DSCN5641",NA,NA,NA
"455",2019-03-16,"RIST","2/2",1,"DSCN5974","DSCN5974",NA,NA,NA
"456",2019-03-16,"RIST","2/2",2,"DSCN5969","DSCN5973",NA,NA,NA
"457",2019-03-16,"RIST","2/2",3,"DSCN5963","DSCN5968",NA,NA,NA
"458",2019-03-16,"RIST","2/2",4,"DSCN5962","DSCN5962",NA,NA,NA
"459",2019-03-16,"RIST","2/2",5,"DSCN5961","DSCN5961",NA,NA,NA
"460",2019-03-16,"RIST","2/2",6,"DSCN5960","DSCN5960",NA,NA,NA
"461",2019-03-16,"RIST","2/2",7,"DSCN5958","DSCN5959",NA,NA,NA
"462",2019-03-16,"RIST","2/2",8,"DSCN5956","DSCN5957",NA,NA,NA
"463",2019-03-16,"RIST","2/2",9,"DSCN5949","DSCN5955",NA,NA,NA
"464",2019-03-16,"RIST","2/2",10,"DSCN5515","DSCN5516",NA,NA,NA
"465",2019-03-16,"RIST","2/2",11,"DSCN5513","DSCN5514",NA,NA,NA
"466",2019-03-16,"RIST","2/2",12,"DSCN5511","DSCN5512",NA,NA,NA
"467",2019-03-16,"RIST","2/2",13,"DSCN5509","DSCN5510",NA,NA,NA
"468",2019-03-16,"RIST","2/2",14,"DSCN5506","DSCN5508",NA,NA,NA
"469",2019-03-16,"RIST","2/2",15,"DSCN5504","DSCN5505",NA,NA,NA
"470",2019-03-16,"RIST","2/2",16,"DSCN5502","DSCN5503",NA,NA,NA
"471",2019-03-10,"RIST",NA,1,"26511042","26511042",NA,NA,NA
"472",2019-03-10,"RIST",NA,2,"26511792","26511792",NA,NA,NA
"473",2019-03-10,"RIST",NA,3,"26511977","26511977",NA,NA,NA
"474",2019-03-10,"RIST",NA,4,"26512238","26512238",NA,NA,NA
"475",2019-03-10,"RIST",NA,5,"26512334","26512334",NA,NA,NA
"476",2019-03-10,"RIST",NA,6,"26512728","26512728",NA,NA,NA
"477",2019-03-10,"RIST",NA,7,"26513101","26513101",NA,NA,NA
"478",2019-03-10,"RIST",NA,8,"26513242","26513242",NA,NA,NA
"479",2019-03-10,"RIST",NA,9,"26513404","26513404",NA,NA,NA
"480",2019-03-10,"RIST",NA,10,"26513770","26513770",NA,NA,NA
"481",2019-03-10,"RIST",NA,11,"26513934","26513934",NA,NA,NA
"482",2019-03-10,"RIST",NA,12,"26514392","26514392",NA,NA,NA
"483",2019-03-10,"RIST",NA,13,"26514721","26514721",NA,NA,NA
"484",2019-03-10,"RIST",NA,14,"26514967","26514967",NA,NA,NA
"485",2019-03-10,"RIST",NA,15,"26515220","26515220",NA,NA,NA
"486",2019-03-10,"RIST",NA,16,"26515284","26515284",NA,NA,NA
"487",2019-03-10,"RIST",NA,17,"26515401","26515401",NA,NA,NA
"488",2019-03-10,"RIST",NA,18,"26515811","26515811",NA,NA,NA
"489",2019-03-10,"RIST",NA,19,"26515861","26515861",NA,NA,NA
"490",2019-03-10,"RIST",NA,20,"26516144","26516144",NA,NA,NA
"491",2019-03-10,"RIST",NA,21,"26516319","26516319",NA,NA,NA
"492",2019-03-10,"RIST",NA,22,"26516484","26516484",NA,NA,NA
"493",2019-03-10,"RIST",NA,23,"26517129","26517129",NA,NA,NA
"494",2019-03-10,"RIST",NA,24,"26517220","26517220",NA,NA,NA
"495",2019-03-10,"RIST",NA,25,"26517569","26517569",NA,NA,NA
"496",2019-03-10,"RIST",NA,26,"26537450","26537450",NA,NA,NA
"497",2019-03-10,"RIST",NA,27,"26537456","26537456",NA,NA,NA
"498",2019-03-10,"RIST",NA,28,"26537459","26537459",NA,NA,NA
"499",2019-03-10,"RIST",NA,29,"26537466","26537466",NA,NA,NA
"500",2019-03-10,"RIST",NA,30,"DSCN7006","DSCN7008",NA,NA,NA
"501",2019-03-10,"RIST",NA,31,"DSCN7009","DSCN7011",NA,NA,NA
"502",2019-03-10,"RIST",NA,32,"DSCN7012","DSCN7017",NA,NA,NA
"503",2019-03-10,"RIST",NA,33,"DSCN7018","DSCN7018",NA,NA,NA
"504",2019-03-10,"RIST",NA,34,"DSCN7020","DSCN7023",NA,NA,NA
"505",2019-03-10,"RIST",NA,35,"DSCN7024","DSCN7026",NA,NA,NA
"506",2019-03-10,"RIST",NA,36,"DSCN7027","DSCN7028",NA,NA,NA
"507",2019-03-10,"RIST",NA,37,"DSCN7029","DSCN7030",NA,NA,NA
"508",2019-04-14,"RIST",NA,1,"DSCN6351","DSCN6352",NA,NA,NA
"509",2019-04-21,"RIST",NA,1,"DSCN6453","DSCN6456",NA,NA,NA
"510",2019-04-21,"RIST",NA,2,"DSCN6457","DSCN6460",NA,NA,NA
"511",2019-04-07,"DEMI",NA,1,"DSCN7031","DSCN7033",NA,NA,NA
"512",2019-04-07,"DEMI",NA,2,"DSCN7034","DSCN7035",NA,NA,NA
"513",2019-04-07,"DEMI",NA,3,"DSCN7036","DSCN7038",NA,NA,NA
"514",2019-04-07,"DEMI",NA,4,"DSCN7039","DSCN7042",NA,NA,NA
"515",2019-04-07,"DEMI",NA,5,"DSCN7043","DSCN7046",NA,NA,NA
"516",2019-04-07,"DEMI",NA,6,"DSCN7047","DSCN7049",NA,NA,NA
"517",2019-04-07,"DEMI",NA,7,"DSCN7051","DSCN7053",NA,NA,NA
"518",2019-04-07,"DEMI",NA,8,"DSCN7054","DSCN7057",NA,NA,NA
"519",2019-04-07,"DEMI",NA,9,"DSCN7058","DSCN7059",NA,NA,NA
"520",2019-04-07,"DEMI",NA,10,"DSCN7060","DSCN7062",NA,NA,NA
"521",2019-04-07,"DEMI",NA,11,"DSCN7060","DSCN7064",NA,NA,NA
"522",2019-04-07,"DEMI",NA,12,"DSCN7065","DSCN7067",NA,NA,NA
"523",2019-04-07,"DEMI",NA,13,"DSCN7068","DSCN7070",NA,NA,NA
"524",2019-04-07,"DEMI",NA,14,"DSCN7071","DSCN7072",NA,NA,NA
"525",2019-04-07,"DEMI",NA,15,"DSCN7073","DSCN7074",NA,NA,NA
"526",2019-04-07,"PRCR","2/2",1,"DSCN7075","DSCN7077",NA,NA,NA
"527",2019-04-07,"PRCR","2/2",2,"DSCN7078","DSCN7079",NA,NA,NA
"528",2019-04-07,"PRCR","2/2",3,"DSCN7080","DSCN7081",NA,NA,NA
"529",2019-04-07,"PRCR","2/2",4,"DSCN7082","DSCN7084",NA,NA,NA
"530",2019-04-07,"PRCR","2/2",5,"DSCN7085","DSCN7086",NA,NA,NA
"531",2019-04-07,"PRCR","2/2",6,"DSCN7089","DSCN7090",NA,NA,NA
"532",2019-04-07,"PRCR","2/2",7,"DSCN7093","DSCN7095",NA,NA,NA
"533",2019-04-07,"PRCR","2/2",8,"DSCN7096","DSCN7098",NA,NA,NA
"534",2019-04-07,"PRCR","2/2",9,"DSCN7105","DSCN7108",NA,NA,NA
"535",2019-04-07,"PRCR","2/2",10,"DSCN7109","DSCN7112",NA,NA,NA
"536",2019-04-07,"PRCR","2/2",11,"DSCN7119","DSCN7123",NA,NA,NA
"537",2019-04-07,"PRCR","2/2",12,"DSCN7124","DSCN7129",NA,NA,NA
"538",2019-04-07,"PRCR","2/2",13,"DSCN7134","DSCN7137",NA,NA,NA
"539",2019-04-07,"PRCR","2/2",14,"DSCN7138","DSCN7142",NA,NA,NA
"540",2019-04-07,"PRCR","2/2",15,"DSCN7149","DSCN7152",NA,NA,NA
"541",2019-04-07,"PRCR","2/2",16,"DSCN7153","DSCN7155",NA,NA,NA
"542",2019-04-07,"PRCR","2/2",17,"DSCN7156","DSCN7158",NA,NA,NA
"543",2019-04-07,"PRCR","2/2",18,"DSCN7165","DSCN7166",NA,NA,NA
"544",2019-04-07,"PRCR","2/2",19,"DSCN7167","DSCN7170",NA,NA,NA
"545",2019-04-07,"PRCR","2/2",20,"DSCN7173","DSCN7174",NA,NA,NA
"546",2019-04-07,"PRCR","2/2",21,"DSCN7175","DSCN7180",NA,NA,NA
"547",2019-04-07,"PRCR","2/2",22,"DSCN7181","DSCN7183",NA,NA,NA
"548",2019-04-07,"PRCR","1/2",1,"DSCN7087","DSCN7088",NA,NA,NA
"549",2019-04-07,"PRCR","1/2",2,"DSCN7091","DSCN7092",NA,NA,NA
"550",2019-04-07,"PRCR","1/2",3,"DSCN7099","DSCN7100",NA,NA,NA
"551",2019-04-07,"PRCR","1/2",4,"DSCN7101","DSCN7102",NA,NA,NA
"552",2019-04-07,"PRCR","1/2",5,"DSCN7103","DSCN7104",NA,NA,NA
"553",2019-04-07,"PRCR","1/2",6,"DSCN7113","DSCN7114",NA,NA,NA
"554",2019-04-07,"PRCR","1/2",7,"DSCN7115","DSCN7116",NA,NA,NA
"555",2019-04-07,"PRCR","1/2",8,"DSCN7117","DSCN7118",NA,NA,NA
"556",2019-04-07,"PRCR","1/2",9,"DSCN7130","DSCN7131",NA,NA,NA
"557",2019-04-07,"PRCR","1/2",10,"DSCN7132","DSCN7133",NA,NA,NA
"558",2019-04-07,"PRCR","1/2",11,"DSCN7143","DSCN7144",NA,NA,NA
"559",2019-04-07,"PRCR","1/2",12,"DSCN7145","DSCN7146",NA,NA,NA
"560",2019-04-07,"PRCR","1/2",13,"DSCN7147","DSCN7148",NA,NA,NA
"561",2019-04-07,"PRCR","1/2",14,"DSCN7159","DSCN7160",NA,NA,NA
"562",2019-04-07,"PRCR","1/2",15,"DSCN7161","DSCN7162",NA,NA,NA
"563",2019-04-07,"PRCR","1/2",16,"DSCN7163","DSCN7164",NA,NA,NA
"564",2019-04-07,"PRCR","1/2",17,"DSCN7171","DSCN7172",NA,NA,NA
"565",2019-04-07,"PRCR","1/2",18,"DSCN7184","DSCN7185",NA,NA,NA
"566",2019-04-07,"PRCR","1/2",19,"DSCN7186","DSCN7187",NA,NA,NA
"567",2019-04-07,"PRCR","1/2",20,"DSCN7188","DSCN7189",NA,NA,NA
"568",2019-04-07,"PRCR","1/2",21,"DSCN7190","DSCN7191",NA,NA,NA
"569",2019-04-14,"AUCA","2/2",1,"DSCN7234","DSCN7236",NA,NA,NA
"570",2019-04-14,"AUCA","2/2",2,"DSCN7239","DSCN7241",NA,NA,NA
"571",2019-04-14,"AUCA","2/2",3,"DSCN7242","DSCN7244",NA,NA,NA
"572",2019-04-14,"AUCA","2/2",4,"DSCN7247","DSCN7249",NA,NA,NA
"573",2019-04-14,"AUCA","2/2",5,"DSCN7250","DSCN7252",NA,NA,NA
"574",2019-04-14,"AUCA","2/2",6,"DSCN7257","DSCN7259",NA,NA,NA
"575",2019-04-14,"AUCA","2/2",7,"DSCN7260","DSCN7262",NA,NA,NA
"576",2019-04-14,"AUCA","2/2",8,"DSCN7265","DSCN7267",NA,NA,NA
"577",2019-04-14,"AUCA","2/2",9,"DSCN7270","DSCN7272",NA,NA,NA
"578",2019-04-14,"AUCA","1/2",1,"DSCN7276","DSCN7278",NA,NA,NA
"579",2019-04-14,"AUCA","1/2",2,"DSCN7279","DSCN7281",NA,NA,NA
"580",2019-04-14,"AUCA","1/2",3,"DSCN7282","DSCN7284",NA,NA,NA
"581",2019-04-14,"AUCA","1/2",4,"DSCN7285","DSCN7287",NA,NA,NA
"582",2019-04-14,"AUCA","1/2",5,"DSCN7288","DSCN7290",NA,NA,NA
"583",2019-04-14,"AUCA","1/2",6,"DSCN7291","DSCN7293",NA,NA,NA
"584",2019-04-14,"AUCA","1/2",7,"DSCN7294","DSCN7296",NA,NA,NA
"585",2019-04-14,"AUCA","1/2",8,"DSCN7297","DSCN7299",NA,NA,NA
"586",2019-04-14,"AUCA","1/2",9,"DSCN7300","DSCN7302",NA,NA,NA
"587",2019-04-14,"AUCA","1/2",10,"DSCN7303","DSCN7305",NA,NA,NA
"588",2019-04-14,"AUCA","1/2",11,"DSCN7306","DSCN7308",NA,NA,NA
"589",2019-04-14,"AUCA","1/2",12,"DSCN7309","DSCN7311",NA,NA,NA
"590",2019-03-31,"PRCR","2/2",1,"DSCN6745","DSCN6746",NA,NA,NA
"591",2019-03-31,"PRCR","2/2",2,"DSCN6747","DSCN6750",NA,NA,NA
"592",2019-03-31,"PRCR","2/2",3,"DSCN6751","DSCN6752",NA,NA,NA
"593",2019-03-31,"PRCR","2/2",4,"DSCN6753","DSCN6754",NA,NA,NA
"594",2019-03-31,"PRCR","2/2",5,"DSCN6755","DSCN6756",NA,NA,NA
"595",2019-03-31,"PRCR","2/2",6,"DSCN6757","DSCN6758",NA,NA,NA
"596",2019-03-31,"PRCR","2/2",7,"DSCN6759","DSCN6760",NA,NA,NA
"597",2019-03-31,"PRCR","2/2",8,"DSCN6761","DSCN6762",NA,NA,NA
"598",2019-03-31,"PRCR","2/2",9,"DSCN6763","DSCN6764",NA,NA,NA
"599",2019-03-31,"PRCR","2/2",10,"DSCN6765","DSCN6766",NA,NA,NA
"600",2019-03-31,"PRCR","2/2",11,"DSCN6767","DSCN6768",NA,NA,NA
"601",2019-03-31,"PRCR","2/2",12,"DSCN6769","DSCN6772",NA,NA,NA
"602",2019-03-31,"PRCR","2/2",13,"DSCN6773","DSCN6774",NA,NA,NA
"603",2019-03-31,"PRCR","2/2",14,"DSCN6775","DSCN6776",NA,NA,NA
"604",2019-03-31,"PRCR","2/2",15,"DSCN6777","DSCN6778",NA,NA,NA
"605",2019-03-31,"PRCR","2/2",16,"DSCN6779","DSCN6781",NA,NA,NA
"606",2019-03-31,"PRCR","2/2",17,"DSCN6782","DSCN6783",NA,NA,NA
"607",2019-03-31,"PRCR","2/2",18,"DSCN6784","DSCN6785",NA,NA,NA
"608",2019-03-31,"PRCR","2/2",19,"DSCN6786","DSCN6787",NA,NA,NA
"609",2019-03-31,"PRCR","2/2",20,"DSCN6788","DSCN6789",NA,NA,NA
"610",2019-03-31,"PRCR","2/2",21,"DSCN6790","DSCN6791",NA,NA,NA
"611",2019-04-07,"RIST","2/2",1,"DSCN7312","DSCN7314",NA,NA,NA
"612",2019-04-07,"RIST","2/2",2,"DSCN7315","DSCN7317",NA,NA,NA
"613",2019-04-07,"RIST","2/2",3,"DSCN7318","DSCN7322",NA,NA,NA
"614",2019-04-07,"RIST","2/2",4,"DSCN7323","DSCN7325",NA,NA,NA
"615",2019-04-07,"RIST","2/2",5,"DSCN7326","DSCN7329",NA,NA,NA
"616",2019-04-07,"RIST","2/2",6,"DSCN7331","DSCN7334",NA,NA,NA
"617",2019-04-07,"RIST","2/2",7,"DSCN7335","DSCN7336",NA,NA,NA
"618",2019-04-07,"RIST","2/2",8,"DSCN7337","DSCN7342",NA,NA,NA
"619",2019-04-07,"RIST","2/2",9,"DSCN7343","DSCN7344",NA,NA,NA
"620",2019-04-07,"RIST","2/2",10,"DSCN7345","DSCN7346",NA,NA,NA
"621",2019-04-07,"RIST","2/2",11,"DSCN7347","DSCN7350",NA,NA,NA
"622",2019-04-07,"RIST","2/2",12,"DSCN7351","DSCN7354",NA,NA,NA
"623",2019-04-07,"RIST","2/2",13,"DSCN7355","DSCN7357",NA,NA,NA
"624",2019-04-07,"RIST","2/2",14,"DSCN7358","DSCN7359",NA,NA,NA
"625",2019-04-07,"RIST","2/2",15,"DSCN7360","DSCN7361",NA,NA,NA
"626",2019-04-07,"RIST","2/2",16,"DSCN7362","DSCN7364",NA,NA,NA
"627",2019-04-07,"RIST","2/2",17,"DSCN7365","DSCN7369",NA,NA,NA
"628",2019-04-07,"JOMA",NA,1,"DSCN7370","DSCN7372",NA,NA,NA
"629",2019-04-07,"JOMA",NA,2,"DSCN7373","DSCN7374",NA,NA,NA
"630",2019-04-07,"JOMA",NA,3,"DSCN7375","DSCN7376",NA,NA,NA
"631",2019-04-07,"JOMA",NA,4,"DSCN7377","DSCN7380",NA,NA,NA
"632",2019-04-07,"RIST","1/2",1,"IMG_1424","IMG_1425",NA,NA,NA
"633",2019-04-07,"RIST","1/2",2,"IMG_1426","IMG_1427",NA,NA,NA
"634",2019-04-07,"RIST","1/2",3,"IMG_1428","IMG_1429",NA,NA,NA
"635",2019-04-07,"RIST","1/2",4,"IMG_1430","IMG_1431",NA,NA,NA
"636",2019-04-07,"RIST","1/2",5,"IMG_1432","IMG_1433",NA,NA,NA
"637",2019-04-07,"RIST","1/2",6,"IMG_1434","IMG_1436",NA,NA,NA
"638",2019-04-07,"RIST","1/2",7,"IMG_1437","IMG_1438",NA,NA,NA
"639",2019-04-07,"RIST","1/2",8,"IMG_1439","IMG_1440",NA,NA,NA
"640",2019-04-07,"RIST","1/2",9,"IMG_1441","IMG_1442",NA,NA,NA
"641",2019-04-07,"RIST","1/2",10,"IMG_1443","IMG_1444",NA,NA,NA
"642",2019-04-07,"RIST","1/2",11,"IMG_1445","IMG_1446",NA,NA,NA
"643",2019-04-07,"RIST","1/2",12,"IMG_1447","IMG_1448",NA,NA,NA
"644",2019-04-07,"RIST","1/2",13,"IMG_1449","IMG_1450",NA,NA,NA
"645",2019-04-07,"RIST","1/2",14,"IMG_1451","IMG_1452",NA,NA,NA
"646",2019-04-07,"RIST","1/2",15,"IMG_1453","IMG_1454",NA,NA,NA
"647",2019-04-07,"RIST","1/2",16,"IMG_1455","IMG_1456",NA,NA,NA
"648",2019-04-07,"RIST","1/2",17,"IMG_1457","IMG_1458",NA,NA,NA
"649",2019-04-21,"BOWA",NA,1,"IMG_1459","IMG_1461",NA,NA,NA
"650",2019-04-21,"BOWA",NA,2,"IMG_1462","IMG_1463",NA,NA,NA
"651",2019-04-21,"BOWA",NA,3,"IMG_1464","IMG_1465",NA,NA,NA
"652",2019-04-21,"BOWA",NA,4,"IMG_1466","IMG_1468",NA,NA,NA
"653",2019-04-21,"BOWA",NA,5,"IMG_1469","IMG_1471",NA,NA,NA
"654",2019-04-21,"BOWA",NA,6,"IMG_1472","IMG_1473",NA,NA,NA
"655",2019-04-21,"BOWA",NA,7,"IMG_1474","IMG_1475",NA,NA,NA
"656",2019-04-21,"BOWA",NA,8,"IMG_1476","IMG_1477",NA,NA,NA
"657",2019-04-21,"BOWA",NA,9,"IMG_1478","IMG_1480",NA,NA,NA
"658",2019-04-21,"BOWA",NA,10,"IMG_1481","IMG_1483",NA,NA,NA
"659",2019-04-21,"BOWA",NA,11,"IMG_1484","IMG_1485",NA,NA,NA
"660",2019-04-21,"BOWA",NA,12,"IMG_1486","IMG_1487",NA,NA,NA
"661",2019-04-21,"BOWA",NA,13,"IMG_1488","IMG_1490",NA,NA,NA
"662",2019-04-21,"BOWA",NA,14,"IMG_1491","IMG_1493",NA,NA,NA
"663",2019-04-21,"BOWA",NA,15,"IMG_1494","IMG_1495",NA,NA,NA
"664",2019-04-21,"BOWA",NA,16,"IMG_1496","IMG_1498",NA,NA,NA
"665",2019-04-21,"BOWA",NA,17,"IMG_1499","IMG_1501",NA,NA,NA
"666",2019-04-21,"BOWA",NA,18,"IMG_1502","IMG_1504",NA,NA,NA
"667",2019-04-21,"BOWA",NA,19,"IMG_1505","IMG_1507",NA,NA,NA
"668",2019-04-21,"BOWA",NA,20,"IMG_1508","IMG_1510",NA,NA,NA
"669",2019-04-21,"BOWA",NA,21,"IMG_1511","IMG_1513",NA,NA,NA
"670",2019-04-21,"BOWA",NA,22,"IMG_1514","IMG_1516",NA,NA,NA
"671",2019-04-21,"BOWA",NA,23,"IMG_1517","IMG_1519",NA,NA,NA
"672",2019-04-21,"BOWA",NA,24,"IMG_1520","IMG_1522",NA,NA,NA
"673",2019-04-21,"BOWA",NA,25,"IMG_1523","IMG_1524",NA,NA,NA
"674",2019-04-21,"BOWA",NA,26,"IMG_1525","IMG_1526",NA,NA,NA
"675",2019-04-21,"BOWA",NA,27,"IMG_1527","IMG_1528",NA,NA,NA
"676",2019-04-21,"BOWA",NA,28,"IMG_1529","IMG_1530",NA,NA,NA
"677",2019-04-21,"BOWA",NA,29,"IMG_1531","IMG_1532",NA,NA,NA
"678",2019-04-21,"BOWA",NA,30,"IMG_1533","IMG_1534",NA,NA,NA
"679",2019-04-21,"BOWA",NA,31,"IMG_1535","IMG_1536",NA,NA,NA
"680",2019-04-21,"BOWA",NA,32,"IMG_1537","IMG_1538",NA,NA,NA
"681",2019-04-21,"BOWA",NA,33,"IMG_1539","IMG_1540",NA,NA,NA
"682",2019-04-21,"BOWA",NA,34,"IMG_1541","IMG_1542",NA,NA,NA
"683",2019-04-21,"BOWA",NA,35,"IMG_1543","IMG_1544",NA,NA,NA
